hotel_name,reviewer,rating,date,comment
Rex Hotel Vung Tau,Luận Phan Đình,"4/5
Thời gian chỉnh sửa: 5 tháng trước trên
Google","Thời gian chỉnh sửa: 5 tháng trước trên
Google","🌟🌟🌟🌟☆
Khách sạn Rex Vũng Tàu – Thương hiệu lâu năm giữa lòng Phố biển

📍 Nằm ngay trung tâm Bãi Trước, Khách sạn Rex từ lâu đã trở thành một trong những địa chỉ quen thuộc của du khách khi đến Vũng Tàu. Với thương hiệu lâu năm, khách sạn vẫn giữ được phong thái chuyên nghiệp, thân thiện – từ lễ tân, buồng phòng cho đến đội ngũ nhà hàng đều để lại ấn tượng tốt đẹp.

🌳 Không gian khách sạn rộng rãi, thoáng mát với nhiều cây xanh, có hồ bơi sạch sẽ, mang lại cảm giác thư giãn dễ chịu. Đặc biệt, nhà hàng phục vụ bữa sáng tại tầng trệt được trưng bày phong phú, không gian sáng sủa, rất thuận tiện cho các buổi gặp gỡ, kết nối giao thương.

⚖️ Điểm hạn chế là khách sạn đã xây dựng khá lâu nên cơ sở vật chất có phần cũ kỹ, chưa hiện đại như một số khách sạn mới trong khu vực. Tuy vậy, với giá cả hợp lý, vị trí trung tâm, dịch vụ chuyên nghiệp và sự thân thiện từ đội ngũ nhân viên, Rex vẫn xứng đáng là một lựa chọn đáng cân nhắc khi nghỉ dưỡng hoặc công tác tại Vũng Tàu.

✨ Tóm lại: Rex Vũng Tàu không chỉ là nơi nghỉ ngơi, mà còn là không gian kết nối – thư giãn – trải nghiệm, mang lại giá trị bền vững theo thời gian.

#RexHotel #VungTau #LocalGuide #BaiTruoc
#tinhdauhangphan #goingancamxuc"
Rex Hotel Vung Tau,Hieu Nguyen,"1/5
2 tháng trước trên
Google","2 tháng trước trên
Google","Khách sạn cho thuê sự kiện ở hồ bơi, mình ở phòng 307, nhìn thẳng xuống hồ, họ bật nhạc từ 5h chiều, mình đã phải di  cư đến gần 10h đêm về mà vẫn nhạc nhẽo ầm ĩ, bực bội hết sức"
Rex Hotel Vung Tau,Thanh Bình Bùi,"4/5
5 tháng trước trên
Google","5 tháng trước trên
Google","Khách sạn đối diện biển và bước ra bãi biển tầm 50m, buffe sáng ở đây bình thường, phòng và khuôn viên khách sạn sạch sẽ, nhân viên phục vụ và lễ tân nhiệt tình vui vẻ, buổi tối trên tầng 8 có rooftop bao quát được khung cảnh mặt biển về đêm khá đẹp, đi vào ngày lễ nhưng giá phòng không quá mắc chỉ tầm 1t1 cho 2 người/đêm. Xung quanh có khách sạn có khá nhiều quán ăn và cafe. Hồ bơi rộng nhưng chưa được sạch lắm có lẽ vào ngày lễ nên mọi người bơi nhiều nên nước hồ khá đục."
Rex Hotel Vung Tau,Thanh Nguyen Dan,"4/5
3 tháng trước trên
Google","3 tháng trước trên
Google","Ổn
Gần bãi trước
Hồ bơi hơi cũ, đời cũ nên sâu m22
Nội thất hơi cũ nhưng là loại tốt
Phòng sạch sẽ thơm
Nhân viên okay
Ổn trong mức giá"
Rex Hotel Vung Tau,Nguyễn Hữu Thủy,"3/5
4 tháng trước trên
Google","4 tháng trước trên
Google","Khách sạn tọa lạc ở vị trí khá ổn, gần biển. Hôm vào mình ở thì đang thi công sửa đường nên hơi bụi bẩn. Bên trong khách sạn nội thất và dịch vụ ở tầm 3 sao. Bể bơi cũ, hệ lọc công nghệ cũ nên hơi ngại bơi. Nội thất hơi có mùi 1 chút, nhà tám thoát nước chậm, thiết kế lắp đặt bồn tắm chưa phù hợp nên tắm xong nước lênh láng trong nhà tắm. Đồ ăn sáng ở mức tạm. Nhìn chung phù hợp với mức 3 sao, giá hơi cao."
Rex Hotel Vung Tau,Dao Van Chinh,"4/5
5 tháng trước trên
Google","5 tháng trước trên
Google","Không gian phù hợp với các sự kiện.
Đồ ăn cũng tạm ổn.
Âm thanh cần cải thiện hơn. 😀 …"
Rex Hotel Vung Tau,Q N,"2/5
7 tháng trước trên
Google","7 tháng trước trên
Google","Lần đầu tiên book, nghĩ giá cao thì khách sạn tốt, ai dè tới nơi rất thấy vọng, cơ sở vật chất cũ, còn không có nước trong tủ lạnh và áo tắm. Không xứng đáng với giá tiền."
Rex Hotel Vung Tau,Quế Lê,"4/5
2 tháng trước trên
Google","2 tháng trước trên
Google",Phục vụ chu đáo phòng sạch sẻ gọn gàng tôi rất thích
Rex Hotel Vung Tau,Bi Hoàng,"5/5
Thời gian chỉnh sửa: 6 tháng trước trên
Google","Thời gian chỉnh sửa: 6 tháng trước trên
Google",Chuyến nghỉ ngơi tại Rex Hotel rất tuyệt vời. Khách sạn to gần biển và phòng ốc rộng rãi. Nhân viên cực kì thân thiện và dễ mến. Chắc chắn sẽ quay lại Rex nếu có dịp vào Vũng Tàu
Rex Hotel Vung Tau,Ling Ling,"5/5
7 tháng trước trên
Google","7 tháng trước trên
Google","Khách sạn ổn áp, sạch sẽ tiện nghi, hầm xe cũng thoải mái, thang máy nhanh
Buffet sáng đa dạng mà ngon, chất lượng
Rất xứng đáng, vượt mong đợi so với giá tiền"
Rex Hotel Vung Tau,Đào Trúc Linh,"3/5
9 tháng trước trên
Google","9 tháng trước trên
Google","Điểm cộng:
- Khách sạn đã tự sắp xếp gia đình mình ở Connecting room, dù mình ko book như vậy. 2 bé con mình rất thích dạng phòng này vì được chạy qua chạy lại giữa phòng ông bà và bố mẹ. 2 phòng đi qua đi lại rất tiện mặc dù vẫn có sự riêng tư nhất định.
- Gối, chăn, mền, khăn tắm sạch sẽ, thơm tho.
- Hồ bơi sạch sẽ.
- Vị trí gần biển, gần bãi tắm bãi trước, gần công viên bãi trước, xung quanh nhiều quán cà phê.

Điểm trừ:
- Phòng cũ, nội thất cũ, tường có 1 số chỗ ẩm nên bong tróc, bồn cầu của mình bị ố vàng nhìn rất mất thẩm mỹ.
- Phòng vệ sinh của mình ko chỉnh được nước nóng lạnh. Nên mình muốn tắm cho 2 bé phải mang tụi nó qua phòng ông bà. Bồn tắm thì bị hư nút chặn, nghỉ luôn việc tắm bồn. Phòng vệ sinh của ông bà thì ko có vòi xịt đ**. Rất bất tiện vì không lẽ đi nặng xong lại phải chui vào bồn tắm để rửa đ** =))
- Ăn sáng theo khẩu vị gia mình mình là ko ngon. Món nào cũng nhạt. Đồ ăn buffet ko đa dạng lắm nhưng với giá phòng này vào dịp lễ 30/4 thì cũng ko thể đòi hỏi nhiều.
- Hầm xe 10h khóa cửa. Mình phải chạy đi tìm người mở cửa mới vào cất xe được, hơi mất công.
- Bạn lễ tân nam không thân thiện lắm. Mình có xin bạn nếu có phòng sớm khoảng sau 12h thì cho mình check in sớm được ko, 1 phòng trước cũng đc vì mình có em bé chưa tới 1 tuổi, một số khách sạn vẫn hỗ trợ được, bạn nói theo chính sách thì không hỗ trợ được, khá là cứng nhắc. Có 1 bạn lễ tân nữ lúc này mới cười và giải thích do là hôm qua lễ full phòng, nên hôm nay khi khách trả phòng đồng loạt, nhân viên vệ sinh dọn ko kịp, mình thấy vui vẻ với câu trả lời này hơn là câu trả lời cứng nhắc của bạn nam ban đầu. Đến tầm 13h30, tức là 30 phút nữa là đến giờ nhận phòng quy định, khi mình thấy khá nhiều khách đã được check in. Mình mới bế bé 1 tuổi đang ngủ trên tay đến hỏi thì bạn nam mới kêu là ""chị đợi thêm 1 chút nữa nha, em check in cho các khách này đã"". Trong khi trước đó mình đã để lại số điện thoại và nhờ bạn khi nào có phòng thì gọi ngay cho mình.
- Page của khách sạn phản hồi siêu lâu, mình hỏi trước khi đi 2 ngày, mình về lại SG mới nhận được phản hồi =))"
Rex Hotel Vung Tau,Fun Michelin,"4/5
một tháng trước trên
Google","một tháng trước trên
Google","đồ ăn dở, phòng ốc nhìn cũ kĩ , không ưng lắm"
Rex Hotel Vung Tau,Hung Nguyen,"5/5
9 tháng trước trên
Google","9 tháng trước trên
Google","Khách sạn cũ nhưng nội thất cơ bản tốt, sạch sẽ, không hôi, nước mạnh. Hồ bơi bự và lọc sạch nước thuong xuyên. Xung quanh nhiều tiện ích giải trí. Trên tầng 8 có quầy bar. Bút phê sáng cơ bản ở tầm khách sạn 3* không đòi hỏi cao hơn được, đủ no nê."
Rex Hotel Vung Tau,Ha Minh Duong Zpipe,"3/5
7 tháng trước trên
Google","7 tháng trước trên
Google","Nội thất cũ, phòng tắm thiết bị quá cũ, không có xịt bồn cầu,
Phòng rộng, điều hoà quá cũ.
Ở đầu tuần giá 800k có ăn sáng"
Rex Hotel Vung Tau,Văn Minh Lê,"4/5
một tháng trước trên
Google","một tháng trước trên
Google","View đẹp, vị trí oke. Giá hợp lý"
Rex Hotel Vung Tau,Trần Hồ Tấn Thiện,"5/5
6 tháng trước trên
Google","6 tháng trước trên
Google",Trải nghiệm dịp lễ vào 31/8 và 1/9 thì khách sạn rất tuyệt nha
Rex Hotel Vung Tau,Phạm Ly,"3/5
8 tháng trước trên
Google","8 tháng trước trên
Google","Khách sạn cũ, hôi và không sạch lắm. Tuy nhiên với giá đó thì chấp nhận vậy.
Đồ ăn sáng sơ sài"
Rex Hotel Vung Tau,An Huỳnh CTN,"2/5
11 tháng trước trên
Google","11 tháng trước trên
Google","2 vấn đề trải nghiệm ở đây :
- lần 1 : đến đậu xe bảo vệ không hướng dẫn kỹ vị trí đỗ xe.  Bảo vệ có tranh cãi với người lái xe gia đình mình
- lần 2 : do phát sinh thêm 1 ngày ở lại. Đồ mặc mình bị dơ. Tổng cộng 5 bộ đồ. Có xuống lễ tân hỏi chi phí giặt lại bao nhiêu ? Được báo là để xem lại rồi báo lại. Đến trưa không báo lại, quần áo mình đã giặt xong. Với chi phí là 459k ( 5 bộ đồ bao gồm 2 vk ck + trẻ em ) Ép khách hàng vào thế phải trả. Khi hỏi lại lễ tân thì báo giá đã niêm yết trong tủ. Trong khi bảng giá để trong tủ và đóng lại.
=> chỉ đến 1 lần không muốn đến lần kế"
Rex Hotel Vung Tau,Trần Daisy,"4/5
một năm trước trên
Google","một năm trước trên
Google","Khách sạn nằm ngay trung tâm và gần biển , nhìn bề ngoài khách sạn cũ nhưng phòng rộng oki thoải mái và 1 phòng của mẹ mình bị hôi mùi ẩm mốc hơi khó chịu , còn phòng mình 317 thì không dùng được wifi.
Ăn sáng tạm ổn nhưng không ngon :(
Có bãi đỗ xe trước khách sạn nhưng hơi khó nếu hôm đó khách sạn đông khách .
Gần khách sạn có nhiều quán cf và quán ăn"
Rex Hotel Vung Tau,Han MiRan,"1/5
11 tháng trước trên
Google","11 tháng trước trên
Google","Bữa sáng tệ, nhân viên bếp nữ quầy trứng vào sáng CN 9/3 thái độ lồi lõm, nếu không muốn làm thì không ai ép nhận lương cả. Trả tiền trải nghiệm mà như đi ăn xin
Tách cf thì dơ"
The IMPERIAL Hotel Vung Tau,Mai Aikasuko,"1/5
một tháng trước trên
Google","một tháng trước trên
Google","git "
The IMPERIAL Hotel Vung Tau,Hưng Lâm,"5/5
3 tuần trước trên
Google
MỚI","3 tuần trước trên
Google",Dịch vụ nhanh chóng và rất nhiệt tình.Lần đầu trải nghiệm tại khách sạn Imperial.Phòng được trang trí rất phong cách hoàng gia và cổ điển.Ấn tượng với mình là được a Leo Hùng bộ phận buồng hỗ trợ rất tận tâm.Cảm ơn rất nhiều
The IMPERIAL Hotel Vung Tau,Ngoc Ha,"5/5
2 tuần trước trên
Google
MỚI","2 tuần trước trên
Google","Điều làm tôi ấn tượng nhất là nhân viên Leo Hùng, tác phong nhanh nhẹn chuyên nghiệp rất ấn tượng. Khách sạn chỉnh lại vòi xịt bên trong restroom để thuận tiện hơn trong khi sử dụng vì nút bấm quá cứng, nước xịt quá mạnh."
The IMPERIAL Hotel Vung Tau,Hoang Minh Nguyen,"5/5
một tuần trước trên
Google
MỚI","một tuần trước trên
Google","Rất tốt. Gia đình mình đã quay lại nhiều lần. Nếu đi gia đình thì nên book toà nhà phía sau, phòng sẽ rộng rãi hơn. Bên ngoài có quán cafe, cuối tuần có nhạc sống chill chill. Dịch vụ phục vụ rất tốt."
The IMPERIAL Hotel Vung Tau,Kent K,"5/5
một tháng trước trên
Google","một tháng trước trên
Google","Khách sạn vẫn như ngày nào – sạch sẽ, ấm áp và tạo cảm giác dễ chịu ngay từ khi bước vào. Không gian được chăm chút kỹ, phòng ốc gọn gàng, thơm tho, mọi thứ đều rất chỉn chu nên ở cực kỳ yên tâm.
Buffet sáng thì phải nói là nhiều món và rất ngon, ăn vừa miệng, lựa chọn đa dạng nên ai cũng dễ tìm được món hợp khẩu vị. Buổi sáng ở đây đúng kiểu “nạp năng lượng” đầy đủ để bắt đầu một ngày mới.
Điều mình thích nhất hôm nay là khoảnh khắc đón bình minh tại hàng ghế của Imperial đặt ngoài biển — một cảm giác bình yên, nhẹ nhàng và đáng nhớ vô cùng. Ngồi nghe sóng vỗ, nhìn trời sáng dần lên… tự nhiên thấy mọi mệt mỏi cũng tan đi.
Cũng xin gửi lời cảm ơn thật nhiều đến ba bạn Thế, Khương và Thuận đã hỗ trợ mình rất tận tâm và nhiệt tình. Sự chu đáo và dễ thương của các bạn khiến chuyến đi càng thêm trọn vẹn.
Một nơi đáng để quay lại, không chỉ vì dịch vụ tốt mà còn vì cảm giác thân thiện và dễ chịu mà khách sạn mang lại."
The IMPERIAL Hotel Vung Tau,Trung Trực Trần,"5/5
một tháng trước trên
Google","một tháng trước trên
Google","Chúng tôi đã có một trải nghiệm lưu trú và tổ chức Year End Party vô cùng trọn vẹn tại khách sạn Imperial Vũng Tàu. Từ khâu đón tiếp, sắp xếp phòng ở đến tổ chức tiệc đều được thực hiện chỉn chu, bài bản và rất chuyên nghiệp.

Đặc biệt, đội ngũ nhân viên phục vụ gây ấn tượng mạnh bởi sự tận tình, chu đáo và thái độ thân thiện, luôn sẵn sàng hỗ trợ khách với tinh thần trách nhiệm cao và sự tử tế đáng quý. Không khí buổi tiệc diễn ra vui vẻ, ấm cúng nhưng vẫn sang trọng, đúng với tinh thần một buổi Year End Party ý nghĩa.

Bữa sáng tại Imperial Hotel Vũng Tàu mang lại trải nghiệm rất hài lòng. Đồ ăn đa dạng, hương vị ngon và được chuẩn bị chỉn chu. Dịch vụ chuyên nghiệp, các bạn nhân viên thân thiện, dễ thương và luôn sẵn sàng hỗ trợ. Sau khi dùng bữa, được ngồi nhâm nhi một tách cappuccino bên hồ bơi vào buổi sáng thực sự là khoảnh khắc thư giãn tuyệt vời, giúp khởi đầu ngày mới một cách trọn vẹn.

Imperial Vũng Tàu không chỉ mang đến dịch vụ chất lượng mà còn tạo cảm giác thoải mái và được trân trọng cho khách hàng. Rất xứng đáng là lựa chọn hàng đầu cho các sự kiện, hội họp và kỳ nghỉ dưỡng. 🌟"
The IMPERIAL Hotel Vung Tau,Thi Thanh Mai Le,"5/5
3 tuần trước trên
Google
MỚI","3 tuần trước trên
Google","Gia đình tôi vừa trải qua kỳ nghỉ tại khách sạn Imperial và rất hài lòng. Khách sạn rộng đẹp, thức ăn ngon, vị trí trung tâm thuận tiện đi lại. Bãi biển sạch đẹp, anh nhân viên trực bãi biển (anh Thế) rất nhiệt tình, chu đáo và vui vẻ hỗ trợ các hành khách. Lần nào đến Vũng Tàu tôi cũng chọn Imperial!"
The IMPERIAL Hotel Vung Tau,Thủy Trương,"5/5
một tuần trước trên
Google
MỚI","một tuần trước trên
Google","Tham quan vũng tàu và tắm biển thật đã dưới làn nước mát mặn đầu Xuân và chiêm ngưỡng khách sạn thật sang trọng ,sau khi tắm xong lên bờ chúng tôi được  cháu Khương nhiệt tình chỉ dẫn vào khách sạn và được nhân viên lễ tân tiếp đón nhiệt tình  , chúng tôi rất hài lòng ,chúng tôi sẽ quay lại lần gần nhất"
The IMPERIAL Hotel Vung Tau,Anh Lê,"5/5
3 tuần trước trên
Google
MỚI","3 tuần trước trên
Google","Khách sạn có diện tích lớn,điều ấn tượng nhất chính là sảnh khách sạn thiết kế rất hay,lấy được nhiều ánh sáng,nhiều năng lượng.Bể bơi đẹp và nước không bị mùi hoá chất nhưng vào chiều thì gió hơi nhiều và nước hơi lạnh Buffet có nhiều món đa dạng và nhiều sự lựa chọn.Chất lượng dịch vụ hoàn hảo.Ấn tượng để lại với mình là bạn nhân viên Hùng(HSK).Điều duy nhất mình không thích là decor trang trí và đèn hành lang hơi tối.Mong khách sạn cải thiện thêm điều này để nó trở nên hoàn hảo hơn"
The IMPERIAL Hotel Vung Tau,Khanh Mai Nguyen,"5/5
2 tuần trước trên
Google
MỚI","2 tuần trước trên
Google","Khách sạn dịch vụ rất tốt, buffet khá ngon, phòng ốc sạch sẽ. Nhân viên thân thiện nhiệt tình, đặc biệt là anh Leo Hùng, săn sóc khách rất tốt, chuyên nghiệp"
The IMPERIAL Hotel Vung Tau,Nomad67883543768,"3/5
một tháng trước trên
Tripadvisor","một tháng trước trên
Tripadvisor","Tôi đặt được giá tốt nên quyết định nghĩ dưỡng cùng gia đình và bạn bè tại khách sạn Imperial|-Khách sạn rất tuyệt vời!Chúng tôi rất vui vì đã chọn ở trải nghiệm tại đây.Vị trí trung tâm,gần chợ và đối diện khách sạn có một khu đi bộ dọc …"
The IMPERIAL Hotel Vung Tau,thang le cong,"5/5
một tuần trước trên
Google
MỚI","một tuần trước trên
Google","Khách sạn đẹp
Bãi biển đẹp
Nhân viên nhiệt tình chu đáo
Cảm ơn anh Khương_nhân viên bãi biển đã cho gia đình tôi 1sự yên tâm hoàn hảo
Sẽ quay lại khi hè tới
Thanks!"
The IMPERIAL Hotel Vung Tau,Võ Nguyễn Thùy Linh 19_,"5/5
3 tuần trước trên
Google
MỚI","3 tuần trước trên
Google",Gia đình book ở 2 ngày.Đã từng ở đây và trải nghiệm mọi dịch vụ rất là tuyệt.Cám ơn chú Leo Hùng đã hỗ trợ giường phụ cho gia đình con rất là chu đáo và nhiệt tình ạ
The IMPERIAL Hotel Vung Tau,Tra Vy,"5/5
2 tháng trước trên
Google","2 tháng trước trên
Google","Gia đình mình vừa có chuyến nghỉ dưỡng rất hài lòng tại Khách sạn Imperial. Không gian sang trọng, sạch sẽ, phòng ốc rộng rãi và view cực đẹp. Đặc biệt là đội ngũ nhân viên vô cùng thân thiện, hỗ trợ khách tận tình từ lúc check-in đến khi check-out. Mình muốn gửi lời cảm ơn riêng đến Clinton đạt ,người đã hỗ trợ gia đình mình rất chu đáo Nhiệt Tình , Clinton Đạt luôn sẵn sàng giúp đỡ khi khách cần. Nhờ vậy mà kỳ nghỉ của gia đình mình trở nên thoải mái và trọn vẹn hơn rất nhiều.
Bữa sáng thì đa dạng, món ăn ngon, tiện ích đầy đủ, rất xứng đáng với chất lượng dịch vụ. Nếu có dịp quay lại, chắc chắn mình vẫn sẽ chọn Imperial ."
The IMPERIAL Hotel Vung Tau,Nga Nguyễn Thị Huỳnh,"5/5
một tuần trước trên
Google
MỚI","một tuần trước trên
Google",Rất may mắn đặt được phòng vào dịp đông khách du lịch và cũng rất ấn tượng với bạn Leo Hùng phục vụ rất nhiệt tình chu đáo nhanh chóng và thân thiện.
The IMPERIAL Hotel Vung Tau,7406 Bảo Châu,"5/5
2 tuần trước trên
Google
MỚI","2 tuần trước trên
Google","khách sạn rất là đẹp và nhân viên phục vụ rất nhiệt tình và chu đáo, đặt biệt cảm ơn chú Hùng bộ phận buồng phòng đã hỗ trợ gia đình con rất là tuyệt"
The IMPERIAL Hotel Vung Tau,Ngân Huỳnh,"5/5
2 tháng trước trên
Google","2 tháng trước trên
Google","Trải nghiệm của mình tại Imperial Vũng Tàu thực sự rất đáng tiền, nhất là với những ai mê style cổ điển và sang chảnh. View nào cũng lên ảnh đẹp.
- Phòng ốc: Mình ở phòng view biển, sáng thức dậy mở rèm ra có thể là wow luôn, cực chill. Đồ gỗ trong phòng nhìn có vẻ cổ điển
- Ăn uống: Buffet sáng khá đa dạng, đặc biệt là các món bánh ngọt rất ngon và hợp khẩu vị người châu Á
- Nhân viên: mọi người hoà đồng và đều niềm nở, mình rất ưng ở khoản này. Em lễ tân Nhân hỗ trợ vợ chồng mình làm thủ tục check in và check out nhanh lẹ.
Tuy nhiên, vì khách sạn theo phong cách cổ điển nên hơi có mùi cũ, cách âm bình thường có thể nghe tiếng người nói chuyện ngoài hành lang nhưng bù lại dịch vụ của nhân viên rất chu đáo và lịch sự. Nchung là must try nha"
The IMPERIAL Hotel Vung Tau,Trúc Uyên Ngô,"5/5
3 tuần trước trên
Google
MỚI","3 tuần trước trên
Google","Trải nghiệm rất tuyệt vời, các dịch đều rất xứng đáng với giá tiền. Anh Sơn nhân viên dịch vụ hành lý takecare khách hàng rất chu đáo. 10điểm"
The IMPERIAL Hotel Vung Tau,Vu Quynh Nga,"5/5
2 tháng trước trên
Google","2 tháng trước trên
Google","Mình ở đây từ dịp Noel 25-27.12, khách sạn rất bận rộn vì đông khách, khách sạn nhỏ và decor cầu kỳ Châu Âu, không quá nhiều tiện ích với 2 nhà hàng, đi qua đường sẽ sang bãi biển, nhưng sóng lớn nên cũng không tắm được, chủ yêu tắm bề bơi.
Địa điểm của khách sạn nằm trung tâm sát bờ biển và cạnh quảng trường Tam Thắng.
Có lẽ điểm 5 sao của Ks là Nhân Viên, vì từ Lễ Tân, đến Nhân viên nhà hàng, NV phục vụ phòng đều rất nhiệt tình, ấm áp, mình cảm ơn rất nhiều sự tận tâm và sự giúp đỡ quý báu của anh Hải và em Hoàng- nv trực bể bơi luôn hỗ trợ và giúp chồng mình (bị tai biến ngồi xe lắn) xuống bể bơi 2 ngày liên tiêp. Không có họ, anh ấy sẽ không thể tự xuống bể bơi được, mình lại càng không giúp được.
Nên nếu nói giá trị của ks Imperial so với câc ks mới khác trong Vũng Tàu, tôi ấn tượng về Nhân viên khách sạn nhiều nhất. Merry Christmas and Happy New Year to you, to all of Hotel’s staffs and family a great season of Happy and Joys"
The IMPERIAL Hotel Vung Tau,Uyên Ng,"5/5
một tuần trước trên
Google
MỚI","một tuần trước trên
Google",Đi du lịch để giúp cuộc thêm vui vẻ khỏe mạnh tươi đẹp hơn - chúng tôi đi du lịch từ nha trang tới vũng tàu toàn tp đáng sống - tới khách sạn của các bạn được lễ tân cùng các nhân viên khách sạn - nhiệt tình chu đÓ ra biển tắm đuọc nhân viden cứu hộ Khương và thế qua tâm - xin cám ơn các bạn - tụi mình hẹn sdx quay lại
Annata Beach Hotel,Tam Nguyen,"5/5
2 tháng trước trên
Google","2 tháng trước trên
Google","Gia đình đặt phòng đi chơi cuối tuần thì có người nhà gặp sự cố, phải hủy chuyến. Nhân viên khách sạn đã nhiệt tình hỗ trợ hoàn lại cọc, gia đình mình rất cảm kích. May mắn thì khoảng 1 tuần sau nhà mình thu xếp đi được và đã trải nghiệm 1 kỳ nghỉ rất như ý, giá cả phải chăng ở khách sạn Annata (mình được ưu đãi khá tốt trên booking.com). Mình đặt phòng 3 người view biển, phòng rất rộng rãi & sạch sẽ, view từ cửa sổ có vị trí lý tưởng để xem mặt trời mọc và nhìn nghiêng 1 chút thì thấy tháp Tam Thắng. Nội thất trong phòng mới, tivi có đầy đủ các kênh quốc tế. Nhà tắm đầy đủ tiện nghi, nước nóng đầy đủ. Bữa sáng tương đối nhiều chọn lựa. Nếu quay lại Vũng Tàu gia đình mình sẽ lại đặt phòng ở đây.
(We booked a triple room with sea view. The room is spacious and clean. The view is perfect for watching the sunrise. You can kinda see Tam Thang tower, too. The furniture is new, the TV offers all the major international channels. The bathroom is well-equipped, hot water supply is steady. Breakfast has an okay variety of dishes. If we revisit Vung Tau, we will definitely stay here again.)"
Annata Beach Hotel,Lynn P,"1/5
3 tuần trước trên
Google
MỚI","3 tuần trước trên
Google","Hình ảnh đăng quảng cáo thì nhìn rất đẹp.
NHƯNG khi check in xong thì thất vọng toàn tập. Phòng cũ, rất dơ, còn cát trên sàn, đặc biệt là phòng tắm.  Mặc dù gia đình mình ở phòng suite mắc nhất hotel. Ban ngày không thể mở rèm ra được vì nóng khủng khiếp.

Ra giường, mền gối ố vàng nhìn bẩn thỉu. Giường thì ghép 2 tấm nệm nhỏ thành giường lớn gây đau lưng khó chịu.

Nhân viên trực lễ tân thờ ơ, không trách nhiệm, gọi điện không ai trả lời cũng không gọi lại, wifi cực yếu!

1 trải nghiệm cực kỳ tồi tệ !"
Annata Beach Hotel,Mỹ Linh,"5/5
3 tuần trước trên
Google
MỚI","3 tuần trước trên
Google","Sát bờ biển rất thuận tiện để đi bộ ra dạo biển, giá phòng cũng khá là rẻ mà cũng chất lượng. Đầy đủ tiện nghi và có view biển. Sẽ quay lại vào dịp gần nhất."
Annata Beach Hotel,Long Nguyen Hoang,"5/5
2 tháng trước trên
Google","2 tháng trước trên
Google","Quá là tuyệt vời luôn, với giá phòng đôi khoảng 700k / đêm, có bồn tắm, có ăn sáng thì mình thấy rất hợp lý. Phòng rộng rãi, thoáng, view đẹp. Hơi tiết là hồ bơi thì hơi nhỏ, mà lại nằm riêng biệt chỗ khác chứ không phải trên cao
Đồ ăn sáng buffet thì bình thường, nhưng cà phê sữa thì rất thơm ngon nha 😋😋
Nhân viên thì rất nhiệt tình, hướng dẫn tận tâm và rõ ràng, nhanh chóng
Nếu có đi Vũng Tàu nữa, thì chắc tôi sẽ chọn Annata beach hotel là chỗ lưu trú lần nữa, nếu không có lên giá, chứ lên giá thì bắt đầu đắt rồi 🤣🤣"
Annata Beach Hotel,Khanh Linh Nguyen,"5/5
một tháng trước trên
Google","một tháng trước trên
Google","Phòng rộng, đẹp, view thì khỏi bàn, sáng mở mắt bình mình chiếu vào cửa, chiều nhìn chúng sinh đang tập thể dục, bơi biển, tối vừa xem film vừa nhìn sóng biển vỗ êm đềm.
Hồ bơi kế bên cũng vừa đủ, be bé xinh xinh để nghịch.

Nội thất hơi cũ, giường nằm hơi đau lưng xíu nhưng vẫn ở mức chấp nhận được."
Annata Beach Hotel,Ngân Kim,"4/5
2 tháng trước trên
Google","2 tháng trước trên
Google","Mình đi vào ngày thứ 5  12/2025 book trên app khoảng 570k gọi trực tiếp thì đc báo còn phòng 700k. Nên thui mình book trên app cho rẻ, ở 1 đêm đi vui chơi cho bé nhỏ tắm hồ bơi tắm biển thôi. Ks có bãi đất trống kế bên đậu xe siêu thoải mái luôn, mà cái hẻm đi vô nhỏ vừa 1 chiếc xe hơi nên nhìn hơi hết hồn. Có cái hồ bơi cũng mini chút xíu luôn nhưng có ít cây kiểng che nắng đc nên tắm sáng 9h vẫn rất okila. Quên k chụp cái phòng, có view nhưng ko có cửa sổ hay cửa ra ban công đc đâu nên k hút thuốc đc. Phòng cũng rộng, có 1 khoảng không trống cho bé nhà mình còn bò chơi đc chứ k chật"
Annata Beach Hotel,Long Nhật,"5/5
2 tháng trước trên
Google","2 tháng trước trên
Google",Mình có thuê phòng suit 2 người view biển. Phải nói là cực kì ưng ý vì cái view nhìn thẳng ra biển và phòng cũng tương đối sạch sẽ và rất đông khách. Đợt sau đi sẽ đặt tiếp
Annata Beach Hotel,Tuyen Tran,"5/5
một tháng trước trên
Google","một tháng trước trên
Google","Trên cả mong đợi. View biển tuyệt đẹp, nhân viên thân thiện, vui vẻ. Sát biển đi bộ ra là tới. Có dịch vụ cho thuê xe máy. Sẽ quay lại lần sau. Có 1 điểm nhỏ là phòng hơi bí và nhà vệ sinh có mùi nhẹ."
Annata Beach Hotel,Huỳnh Anh Đào Thuỵ,"5/5
4 tháng trước trên
Google","4 tháng trước trên
Google","Vô tình thấy trên agoda, book với giá chưa tới 700k cho phòng Suite Beach View. Khách sạn không phải mới lắm nhưng cũng không quá cũ, dạng phòng mình ở ko có cửa sổ đón gió, nhưng bù lại kính rất to tạo cảm giác ấm áp không bị ngộp.
Khách sạn cho checkin sớm nhất nếu phòng đã dọn xong, góp ý nên chú trọng trong việc dọn dẹp phòng tắm. Mình vào thấy còn tóc rụng của khách trước, bồn tắm bị hư nút chặn thoát nước, lỗi nhỏ thôi nên mình thông cảm được. Phòng mình ở lầu 10, đón nắng sáng rất ok.
Mọi người nên book trên app hoặc liên hệ đặt phòng qua sđt trên gg của khách sạn nhé, mọi trang FB đều là giả mạo, vì khách sạn sẽ không yêu cầu chuyển cọc đâu nên mọi người lưu ý nhé!!!"
Annata Beach Hotel,G Mr,"4/5
một tháng trước trên
Google","một tháng trước trên
Google","Gần bãi sau, đi bộ khoảng 10 phút. Ks sạch, nhân viên nhiệt tình, ăn sáng buffet không ngon, hồ bơi có bậc thang lên xuống khó phân biệt rõ, ko cẩn thận sẽ bị vấp té."
Annata Beach Hotel,Phạm Thanh Sơn,"1/5
3 tuần trước trên
Google
MỚI","3 tuần trước trên
Google","hôm 19/1 mình có đặt ks này phòng hướng tháp Tam thắng,minh đặt qua booking.mình đâu xe dưới trước coi chừng con,vk minh lên nhận phòng không biết phòng mình đặt hướng tháp nên nhận phòng luôn.mình lên mới biết,lướt titok mình thấy không phải một mình mình bi Lễ Tân làm ăn gian dối mà nhiều người nữa.ah chị em đặt phòng đây nhớ lưu ý Lễ tân đây chuyen tráo phòng với khách!"
Annata Beach Hotel,Huynh Thủy,"5/5
một tháng trước trên
Google","một tháng trước trên
Google","Mới đi 24/1/2026 khách sạn quá tốt nha, đồ đạc sạch sẽ, thái độ từ lể tân đến mấy cô dộ n dwp5 cũng rất tốt vui vẻ nhẹ nhàng, lần sau có đến nhất định sẻ chọn khách sạn này"
Annata Beach Hotel,Nguyen Hiep,"2/5
một tháng trước trên
Google","một tháng trước trên
Google","Tôi không vui khi ở khách sạn này. Phòng rất cũ, vệ sinh không sạch sẽ. Vết trầy xước khắp nơi trong phòng. Chăn dra gối nệm cũng hơi cũ và ngả màu ố."
Annata Beach Hotel,Khánh Kim,"5/5
4 tháng trước trên
Google","4 tháng trước trên
Google","Mình đặt phòng Tripple 3 giường có bồn tắm. Giá 1.200k/đêm, ngày thường, không rẻ nhưng vị trí chỉ cần sang đường là tới biển, gần công viên Tam Thắng, có hồ bơi, ăn sáng buffet đơn giản nhưng rất ngon, nhân viên nhiệt tình lịch sự, nội thất phòng hơi cũ chút thôi nhưng nước nóng và thoát nước đều ổn. View phòng đón bình minh."
Annata Beach Hotel,Lan Ho,"4/5
2 tháng trước trên
Google","2 tháng trước trên
Google","1/ Phòng: hư thoát nước của bồn ngâm lầu 3
2/ Pv: các khâu khác ok trừ lễ tân hơi k nhiệt tình, kiệm lời với khách, trả lời qua loa
3/ Vị trí: số mặt tiền nhưng nằm bên trong hẻm hơi khó tìm, hồ bơi sạch nhưng tách biệt ks, kế bãi xe, nằm ở khu dân cư qua lại nên k có sự riêng tư cho khách
4/ Buffet sáng: hơi ít món nhưng nấu ngon ok
5/ Theo đánh giá là ks ko thu cọc trước, nhưng mình gọi vô đặt thì bắt cọc 50% nên cũng sợ giả mạo hic, vừa vô check in là bắt đóng hết tiền pòng thuê tới ngày mai lun
Báo giá 30% sau 4h chiều (giờ phát sinh) nhưng đến tư vấn là 50% fs 🥲"
Annata Beach Hotel,Thúy Vy Trà,"4/5
3 tháng trước trên
Google","3 tháng trước trên
Google","🆘 CẢNH GIÁC 🆘
Em xin phép KS đăng bài để mng cảnh giác
Mọi người đặt phòng nên đặt qua booking và agoda
KS hiện tại ko nhận cọc đặt phòng qua bất kì hình thức nào. Em đã bỏ 630k để mua bài học này
Hy vọng ko có ai sẽ bị lừa như em - mặc dù em đã check rất kĩ và vì nhu cầu em tìm nơi ở tốt cho embe nhà em nên em ko do dự mà cọc tiền phòng 😀"
Annata Beach Hotel,Lê Thảo Vi,"5/5
5 tháng trước trên
Google","5 tháng trước trên
Google","Phòng view đẹp nha, dịch vụ nhân viên hỗ trợ tốt, ở sát bên bãi sau đi bộ ra cũng tiện, chiều tối dạo mát chill chill bên công viên nữa. Nội thất hơi xuống cấp rồi nè. Buffet sáng hơi ít món nhưng ngon nhen

Phòng mình lầu 9 view quá đẹp luôn ❤️"
Annata Beach Hotel,Cẩm Hồng Trần Thị,"5/5
4 tháng trước trên
Google","4 tháng trước trên
Google","Khách sạn rất tuyệt vời! Phòng sạch sẽ, gọn gàng và tiện nghi đầy đủ. Nhân viên thân thiện, phục vụ chu đáo. Vị trí thuận tiện, gần trung tâm nên dễ đi lại. Rất hài lòng với kỳ nghỉ tại đây!"
Annata Beach Hotel,Minh Thư Lê,"5/5
5 tháng trước trên
Google","5 tháng trước trên
Google","Mình book KS 2 đêm 24-26/08 và đây là trải nghiệm của mình và bạn mình.
- Ưu điểm trước hen:
1. Vị trí gần biển nè
2. Phòng siêu rộng luôn í + quả View hướng biển
3. Mình đi vào mùa mưa nên không gian cũng yên tĩnh
4. Nhân viên FO, SE và HK lịch sự và thân thiện, mình k tiếp xúc quá nhiều nhưng ngành dịch vụ cơ bản vậy là oki
- Cần cải thiện:
1. Wifi yếu vfa chập chờn, có hôm mình phải chạy deadline gấp cho khách mà phải bật 5g phát cho laptop
2. Mình k thích hồ bơi nằm chơ chội ở giữa đường, mình chụp hình và bơi k thoải mái có mấy cô chú lớn tuổi đối diện nhìn và “trêu ghẹo” nên mình và bạn mình ngâm mình tầm 10p là đi vô
3. Vị trí hơi khó kiếm, mình chạy 2-3 vòng mới biết là nằm góc
4. Nvs thoát nước chậm
- K đánh giá:
1. Mình book phòng cho 2 đêm tầm 1tr4 luôn tax và svc
2. Tụi mình k sdg buffet và cũng k ghé NH nên k đánh giá

Ngành DV KS cũng có mô hình này mô hình kia và nghề cũng khá vất vả so vơi công sức của mn nên mình hiểu và hoan hỉ. Nếu có ghé lại k thì câu trả lời là có nè vì gần biển và mình thích cái view của Annata"
Annata Beach Hotel,hồng phong trần,"5/5
Thời gian chỉnh sửa: một tháng trước trên
Google","Thời gian chỉnh sửa: một tháng trước trên
Google","Giá cả rẻ 600k có buffer sáng ngon.phòng sạch sẽ , phòng vệ sinh sạch đẹp có bồn tắm. Ks có hồ bơi"
Premier Pearl Hotel,Như Triệu,"3/5
2 tuần trước trên
Google
MỚI","2 tuần trước trên
Google","Điểm cộng:
- Staff: nhân viên cực kỳ chu đáo take care khách k khác gì 5-6sao, 10đ cho nhân viên k chỗ chê
- phòng ốc chỉnh chu sạch sẽ và mới

Điểm trừ:
- Phòng: mình ở hạng phòng Deluxe Double Ocean View, cá nhân mình thấy phòng hơi “ngộp”.
Cách âm cực kỳ kém 1h khuya mình ngủ mà liên tục giật mình vì phòng kế bên nói chuyện, à k chỉ 1h đêm mà là khi phòng cạnh bên có ở phòng thì âm thanh mình nghe dc k bao giờ dứt

- Buffet Sáng: điều kiến mình thất vọng cực kỳ, mình ở 2 đêm, buffet mở cửa từ 6am-10am nhưng tầm 9h mình lên thì quầy line hầu như là hết sạch đồ ăn. Ở ngày thứ 2 mình có hỏi nhân viên bảo là có refill đồ ăn nhưng mình đợi gần 30p cũng chỉ refill 1 khay trứng luộc và tất nhiên mình phải ra ngoài ăn sáng. Mình nghĩ với quy mô khách sạn như này bếp nên chuẩn bị đồ ăn đầy đủ với số lượng khách đã đặt. Một trải nghiệm kém nữa là mùi đồ ăn sẽ bám lên quần, áo, tóc cực nhiều 🥲 nên là sau mỗi bữa ăn mình đều phải tắm lại lần nữa và thay quần áo mới, mong là hotel mình có thể cải thiện thêm.

=> Mức độ quay lại: không, mình đã ở gần như hầu hết các hotel & resort ở Vũng Tàu nên là để có 1 chuyến đi nghỉ tốt hơn thì mình sẽ còn có nhiều lựa chọn khác better hơn.

Cảm ơn Premier Pearl vì kỳ nghỉ của mình. Một lần nữa nhân viên ở đây siêu tuyệt vời 🫶🏻"
Premier Pearl Hotel,Phú Triệu,"3/5
một tuần trước trên
Google
MỚI","một tuần trước trên
Google","Khách sạn làm việc thiếu chuyên nghiệp và mình nhận phòng cũng không kiểm tra,không thông báo tình trạng có sẵn. Đến khi check out lại đổ trách nhiệm cho khách và thu phí vô lý"
Premier Pearl Hotel,Thanh Van Huynh,"1/5
2 tuần trước trên
Google
MỚI","2 tuần trước trên
Google","Khách sạn cho nhận phòng quá trể, 15h ngồi chờ đợi mêth mỏi…lúc 14h35 phut ra hỏi lễ tân có phòng chưa? Lễ tân cầm tiệp bìa lá trên tay thấy số phòng 710-711 mà vẫn nói chưa có phòng, nếu có phòng rồi Khách sạn nên hỗ trợ khách nhận trước 30 phút đến 1 giờ cũng đâu có thiệt gì đâu mà còn thể hiện được sự nhiệt tình. Từng ở Imperial hỗ trợ nhận phòng trước 13h nửa…nhân viên ở đây thiếu sự thân thiện, kiểu ban phát…nói 15h là 15h chị hả đến đây nhận phòng…đến sớm có phòng tôi cũng không đưa cho Chị đâu?? Thấy ngao ngán dịch vụ…có tốt đến mấy cũng không quay lại, lần đầu cũng như lần cuối…có nhiều sự lựa chọn hơn ở đây."
Premier Pearl Hotel,Hải Triều Lưu Phạm,"2/5
một tuần trước trên
Google
MỚI","một tuần trước trên
Google","Khách sạn vệ sinh kém. Phòng suite mình làm thủ tục sớm 30p nhưng đúng 3h mới cho check in gia đình mình đợi vì lí do chờ vệ sinh, phòng to. Nhưng khi nhận phòng, phòng ngủ thì mùi hôi thức ăn, phòng tắm đứng thì khai mùi nước tiểu, dép đi trong phòng thì ướt… lễ tân không xử lý được, cũng không hỗ trợ đổi chuyên phòng."
Premier Pearl Hotel,Nguyen Melt,"1/5
3 tuần trước trên
Google
MỚI","3 tuần trước trên
Google","Tôi thật sự không hài lòng với cách khách sạn xử lý vấn đề đặt phòng của tôi. Việc đổ lỗi cho Agoda để từ chối hỗ trợ là hoàn toàn không hợp lý, nếu khách sạn đã đăng ký bán phòng trên Agoda thì cần có trách nhiệm phối hợp giải quyết cho khách, chứ không thể phủi bỏ trách nhiệm như vậy."
Premier Pearl Hotel,Hiếu Bùi Trung,"1/5
một tháng trước trên
Google","một tháng trước trên
Google","Mình hiếm khi để lại đánh giá tiêu cực, nhưng trải nghiệm tại khách sạn này thật sự quá tệ và không thể chấp nhận được.

Vấn đề chỉ đơn giản là đổi tên người nhận phòng – không phải hủy phòng, không phải đổi ngày, không phải gian lận hay gì phức tạp. Vậy mà khách sạn xử lý cứng nhắc đến mức vô lý.

Agoda nói đã liên hệ với đối tác của Agoda.
Khách sạn lại bảo tôi là đang liên hệ Traveloka.
Tôi liên hệ Agoda thì Agoda nói đang làm việc với khách sạn.
Hai bên liên hệ qua lại với nhau, nhưng kết quả là khách đứng chờ gần 2 TIẾNG ĐỒNG HỒ mà KHÔNG ĐƯỢC VÀO PHÒNG.

Tôi không hiểu mục tiêu của quy trình này là gì?
• Là để khách được vào phòng và hài lòng?
• Hay là để ôm chặt quy trình cho đẹp hồ sơ, mặc kệ khách đứng chờ mệt mỏi?

Nhân viên không hề có tinh thần linh hoạt hay chủ động giải quyết vấn đề cho khách. Chỉ trả lời đúng một kiểu: “Anh/chị vui lòng liên hệ bên kia”. Trong khi khách hàng là người trả tiền, không phải người đi làm trung gian cho hai bên."
Premier Pearl Hotel,Bich Thuy Vo,"5/5
một tháng trước trên
Google","một tháng trước trên
Google","Mình thấy đánh giá gg phần dịch vụ ở ks này ko cao nên cũng ko kì vọng gì. Nhưng khi đến lại bất ngờ, từ cổng là bảo vệ và nhân viên đã tiếp đón chu đáo. Lễ tân ân cần niềm nở nhiệt tình, cũng hiếm thấy ở các ks 4-5* khác. Có mang hành lý lên giúp khách. Có lẽ đã thay đổi thái độ dịch vụ sau nhiều review tiêu cực =))
Mình check in T5 nên tầm chiều 13h30 được nhận phòng sớm. Xe máy gửi trực tiếp ở ks. Bảo vệ hỗ trợ gửi/lấy xe cho khách.
Điểm trừ: hạng phòng cổ điển mình book thì toilet khá nhỏ và chật."
Premier Pearl Hotel,Hoang Duy Bui Vu,"5/5
2 tuần trước trên
Google
MỚI","2 tuần trước trên
Google","Khách sạn 4 sao nhưng chất lượng dịch vụ trong mọi khâu nằm ở mức 5 sao, riêng về chất lượng dịch vụ của bạn bellman đeo bảng tên Lucas - Huy là 10 sao vì sự chu đáo, ân cần, nhiệt tình, thân thiện và vô cùng tinh tế, bạn này take care khách hàng như em bé luôn."
Premier Pearl Hotel,Ly Nguyen,"1/5
2 tuần trước trên
Google
MỚI","2 tuần trước trên
Google","Dịch vụ quá tệ...lễ tân quá hống hách . Đặt phòng nhầm hủy liền mà bị tính phí 1trieu800... Quá bức xúc và ko bao giờ quay lại... Ks ko có tâm , ko có đức...Tệ hơn chữ tệ"
Premier Pearl Hotel,Kim Ho,"3/5
một tháng trước trên
Google","một tháng trước trên
Google",Khách sạn nhân viên như cái chợ. Gọi nhau ý ới. Check out thì đứng trong quầy gọi tên từng phòng lại check out. Còn khiêng hành lí len phòng va ra xe và che dù là họ thật sự đứng đợi để khách phải cho tiền bo. Cứ bung dù ra và đụng tay vào hành lí là họ sẽ đứng đó 1 nhịp và đợi bạn cho tiền. Mình biết ai đi làm cũng kiếm tiền nhưng mình thấy kiểu bị ép trong khi mình KHÔNG CÓ NHU CẦU .Phòng có bồn tắm nhưng lại không có để sữa tắm. Nếu muốn sữa tắm thì phải đi vào trong phòng tắm để lấy nhưng chai sữa tắm thì bị keo dính chặt lại. Chai lotion thì đựng dầu xả. Nhà tắm thì nghẹt.Nên nếu ai muốn tắm bồn thì nhớ mang theo xà bông tắm nhé. Còn ăn sáng thì ngày nào món cũng giống nhau nếu ở 1 ngày k sao nhưng ở nhiều ngày thì k nên trả tiền ăn sáng ở đây vì món ăn rất bình thường.
Premier Pearl Hotel,thu do,"1/5
một tháng trước trên
Google","một tháng trước trên
Google","Hôm đó bé nhà mình hai tuổi có giỡn với một bé dưới sảnh khách sạn. Bé có chạm vào bàn và làm vỡ hai cái ly, lúc đó nhân viên trực sảnh rất vui vẻ chạy ra đỡ bé mình dạy và hỏi han có bị làm sao không. Nhưng có một bạn từ trong sảnh nước chảy ra kèm theo một biên bản mặt rất là quạu mình thanh toán tiền hai cái ly và không nói câu gì khác chị thanh toán tiền hai cái ly giúp em. Mình nghĩ bạn có thể đổi một thái độ lịch sự hơn vui vẻ hơn với khách hàng vì tiền đền ly chắc chắn khách hàng sẽ trả cho các bạn. Lúc đó bé nhà mình đang sợ và khóc nên chồng mình có nói bạn cứ ghi vào bill sáng mai trả phòng sẽ trả luôn nhưng bạn cau có và dùng dằng bảo đây là ca trực của bạn có tổn thất gì bạn phải đền. Mình nghĩ khách sạn nên trend lại cho những bạn lễ tân, Vì thật sự tất cả các khâu của khách sạn rất nhiệt tình, sạch sẽ và thân thiện nhưng mình cảm thấy mất vui khi rơi vào trường hợp như thế này."
Premier Pearl Hotel,Phan Hà,"5/5
một tháng trước trên
Google","một tháng trước trên
Google","Khách sạn có view hướng biển rất đẹp, dịch vụ tuyệt vời, đội ngũ nhân viên rất dễ thương và tận tình. Tối nay nhà mình đi dạo biển và có mua một ít Hải sản tươi, lúc về tới khách sạn là 22h00 hỏi bảo vệ chỗ  gửi tủ đông bảo quản, chú bảo vệ nói giờ này bếp trưởng về rồi nên ko hỗ trợ dc, chú ấy hỗ trợ mình chạy qua tap hóa kế bên để hỏi giúp mình xin gửi nhờ nhưng chỗ đó cũng ko có. Đứng loay hoay tính xách xe đi mua thùng xốp về bỏ tạm thì bạn lễ Tân từ trong chạy ra bảo sẽ ghi phiếu hỗ trợ cấp đông cho mình. Thật sự quá tuyệt vời. Nhân viên gặp ai cũng vui vẻ chào hỏi, cần gì là có mặt ngay."
Premier Pearl Hotel,tiffany lawson,"1/5
một tháng trước trên
Google","một tháng trước trên
Google","Thật sự tôi là người rất ít đánh giá tiêu cực nhưng hôm nay gia đình tôi rất thất vọng khi ở khách sạn này 1 đêm tất cả gia đình 6 người chúng tôi mướn 3 phòng khi vào tôi đã thấy người khách check out vì họ không tìm được cái muỗng cà phê trong phòng họ bắt người khách đó phải trả 50.000 ,Cuối cùng 2 bên cãi qua lại nhân viên trên phòng tìm được cái muỗng cà phê họ mới cho người khách đó đi 2 bên qua lại có cái muỗng cà phê mà gần 30 phút ,tôi thấy vậy nên rất thận trọng và hôm sau gia đình tôi check out chỉ uống 2 chai nước mà họ nói là 3 chai 30.00 1chai 3 chai 90.000 tôi sẽ trả thêm 1 chai không uống và thêm 1 túi vải đựng đồ dơ trong phòng họ bảo là mất mà gia đình tôi không lấy cũng phải trả thêm 100.000 nên mọi người ở đây cần lưu ý khách sạn này khi check in xem xét có Đầy đủ đồ trong phòng hay không Tôi không có thời gian phải trả tiền phí để đi , trong khi mình không hề biết gì đến túi vải và chai nước không uống để được đi rất ư là bất công mọi người nên tẩy chay khách sạn này làm ăn rất lâu lắc phải đứng chờ đợi họ gọi tới gọi lui Tốt nhất không mất thời gian và sự bực Bội trong khi đi chơi không nên ở khách sạn này,"
Premier Pearl Hotel,My Nguyen Truc,"3/5
2 tháng trước trên
Google","2 tháng trước trên
Google","Overall, the experience can be considered satisfactory for couples or families of up to eight people. In such cases, the stay tends to be more enjoyable, as the hotel’s location and views are strong advantages. However, when accommodating a large number of guests, service quality may become inconsistent, suggesting that the hotel may not be fully prepared to handle high guest volumes effectively.

1. Check-in process:
Check-in times were somewhat delayed and inconsistent; however, luggage assistance and welcome drinks were provided.

2. Service & staff attitude:
Staff members are generally willing to assist; however, responsiveness and flexibility could be improved. At times, a lack of enthusiasm is noticeable when handling less positive feedback.

Trải nghiệm được gọi là tạm ổn nếu đi couple hoặc gia đình 4 người, như vậy sẽ đảm bào trải nghiệm tốt hơn vì view và vị trí khách sạn rất ok. Ngược lại, khi đi với số lương khách lớn sẽ không tránh khỏi dịch vụ khá là bất ổn, không có chuẩn bị trước để tiếp đón lượng khách lớn
1. Quy trình check-in: Thời gian check-in trễ bất ổn nhưng được hỗ trợ hành lý, welcome drink.
2. Dịch vụ & thái độ nhân viên: Nhân viên luôn sẵn sàng hỗ trợ nhưng không linh hoạt nhanh nhẹn và thái độ chán nản ra mặt khi nhận lời phản hồi không tốt."
Premier Pearl Hotel,Ngân Nguyễn,"1/5
một tháng trước trên
Google","một tháng trước trên
Google","Trải nghiệm không tốt 😒
Vì nghĩ đây là khách sạn lớn, làm việc uy tín, nên khi nhận phòng tôi không kiểm tra từng thiết bị như bàn ủi, cầu ủi, máy sấy hay TV còn sử dụng tốt hay không. Và đó cũng là bài học của chúng tôi sau trải nghiệm lần này.

Khách sạn không kiểm tra kỹ đồ dùng sau khi khách trước check-out, đến khi tôi trả phòng thì lại quy trách nhiệm và yêu cầu tôi bồi thường cho đồ đã hư hỏng sẵn. Nhân viên còn khẳng định rằng “anh là người kiểm tra rất kỹ khi khách check-out nên không có chuyện đó xảy ra”, điều này khiến chúng tôi cảm giác như bị mặc định là người làm hỏng, dù không có biên bản xác nhận tình trạng phòng lúc nhận phòng.

Số tiền đền không lớn, nhưng cách làm việc thiếu công bằng và thiếu chuyên nghiệp khiến tôi rất thất vọng.
Khuyên mọi người khi lưu trú nên kiểm tra kỹ đồ dùng trước khi nhận phòng, đặc biệt là bàn ủi và cầu ủi, để tránh những rắc rối không đáng có."
Premier Pearl Hotel,Nhựt Nguyễn,"5/5
2 tháng trước trên
Google","2 tháng trước trên
Google","Quá tuyệt vời, Anh Chị nhân viên khách sạn quá dễ thương, nhiệt tình, cô lao công cũng đáng iu nữa. Book khách sạn được trọn gói buffet sáng, trưa, tối được tặng trà sữa, cooktail, hồ bơi vô cực miễn phí, chuẩn 4 sao, view rất đỉnh luôn. Anh Chị nhân viên hỗ trợ khách tận tình, vui vẻ. Đánh giá riêng 5 sao cho anh nhân viên tên Mikey Minh nha 🥰"
Premier Pearl Hotel,Fiona Duong,"3/5
một tháng trước trên
Google","một tháng trước trên
Google","Phòng ở có thiết kế đẹp, đầy đủ tiện nghi. Tuy nhiên, trên ghế sofa lại có một vết bẩn chưa được vệ sinh sạch sẽ, gây cảm giác không hài lòng.
Bên cạnh đó, thái độ của nhân viên lễ tân chưa thật sự thân thiện, có cảm giác không nhiệt tình trong việc hỗ trợ và phục vụ khách hàng.
Buffet sáng có ít món, lựa chọn khá hạn chế, không tương xứng với mức giá đã chi trả cho dịch vụ. Trải nghiệm tổng thể vì vậy chưa đạt được kỳ vọng.
Mong khách sạn sớm xem xét và cải thiện những vấn đề trên để nâng cao chất lượng dịch vụ trong thời gian tới."
Premier Pearl Hotel,Hương Giang Võ Trần,"5/5
3 tuần trước trên
Google
MỚI","3 tuần trước trên
Google","Mình ở phòng connecting room 611 và 610. Mình thấy phòng mới sạch sẽ, thơm và mát. Tiện ích oke lắm. Buffet sáng cũng ngon và chất lượng nữa. Sẽ quay lại nếu có dịp"
Premier Pearl Hotel,Glueckdelheit Ryna,"4/5
3 tuần trước trên
Google
MỚI","3 tuần trước trên
Google","Tôi đã có 2 đêm trải nghiệm tại khách sạn.
Điểm cộng: nhân viên nhiệt tình, đặc biệt đội ngũ cho thuê xe máy.
Điểm trừ: buffet hải sản tối không tương xứng giá tiền, hải sản chưa đa dạng, không tươi, chế biến quá đơn điệu.
Hy vọng khách sạn cải thiện để dịch vụ lưu trú có thể tối ưu nhất."
Premier Pearl Hotel,Khoa Leanh,"5/5
một tháng trước trên
Google","một tháng trước trên
Google","Ở mấy lần nay mới đánh giá 😊 khách sạn tốt trong tầm giá có view đẹp bao quát tp Vũng Tàu, phòng đầy đủ tiện nghi, hồ bơi tầng thượng đẹp tuy hơi nhỏ, có quán kem - nước trên nóc dc decor khá đẹp, buffet sáng ngon dù ko quá nhiều món, nhân viên thân thiện nhiệt tình 😊"
Joi Hotel - Central,Phuong Nguyen,"5/5
một tuần trước trên
Google
MỚI","một tuần trước trên
Google","Khách sạn gần khu sầm uất, dễ dàng di chuyển. Phòng có hơi xuống cấp nhưng sạch sẽ tiện nghi. Nhân viên lễ tân dễ thương hỗ trợ nhiệt tình mặc dù là tết đông."
Joi Hotel - Central,Lê Tuyên,"5/5
2 tuần trước trên
Google
MỚI","2 tuần trước trên
Google","Phòng khá là dễ thương, lãng mạn, thoáng mát, khu khá là yên tĩnh, gần trung tâm thành phố, nhân viên nhiệt tình và dễ thương. Vợ chồng mình khá thích, lần sau đi du lịch nữa sẽ ủng hộ khách sạn"
Joi Hotel - Central,Phan Nhật Thi,"5/5
3 tuần trước trên
Google
MỚI","3 tuần trước trên
Google","nhân viên tư vấn hỗ trợ nhiệt tình, siu dễ thương lunnn, phòng ốc y như ảnhh sạch sẽ lại còn có viêw, giá phải chăng lần đầu trải nghiệm nhưng rất ưng ý nhóm mình ạaa chắc chắn sẽ đi lần nữaaa"
Joi Hotel - Central,Muội Bé,"5/5
2 tuần trước trên
Google
MỚI","2 tuần trước trên
Google","Nhân việt rất nhiệt tình luôn, hỗ trợ check in sớm, phòng thì sạch sẽ. Có dịp mình vẫn sẽ quay lại Joi
À còn được lì xì tết nửa nhoa"
Joi Hotel - Central,thu mai,"5/5
3 tuần trước trên
Google
MỚI","3 tuần trước trên
Google","Dạ bên đây dịch vụ siêu ổn luôn, mặc dù tụi e bận lịch nên ph huỷ phòng nma bên mình vẫn thông cảm và vẫn hoàn tiền cọc phòng cho tụi em huhu. Dịch vụ 10/10 lun ạaaa"
Joi Hotel - Central,Thịnh Nguyễn Lê Phúc,"4/5
một tuần trước trên
Google
MỚI","một tuần trước trên
Google","Khách sạn nhân viên hỗ trợ nhiệt tình, mình ở phòng lầu 7 to rộng 10 người kế ban công rộng đẹp chill, giá mùa tết mà chỉ hơn 2tr thôi."
Joi Hotel - Central,Nam Kế,"5/5
3 tuần trước trên
Google
MỚI","3 tuần trước trên
Google","Mình đi một mình đặt phòng standard trên travalola chưa đến 300k, chất lượng so voiw dịch vụ là rất ổn. Vị trí gần vòng xoay dy chuyển cũng tiện"
Joi Hotel - Central,Huy Trương Vĩ,"5/5
2 tuần trước trên
Google
MỚI","2 tuần trước trên
Google","Đặt phòng đôi. Ngay mùng 1 Tết giá cả hợp lý. Nhân viên lê tân nhiệt tình. Phòng sạch sẽ, vị trí gần trung tâm. An toàn"
Joi Hotel - Central,Nguyễn Đạt,"5/5
2 tuần trước trên
Google
MỚI","2 tuần trước trên
Google","Phòng rộng rãi, đầy đủ tiện nghi và vô cùng thoải mái, dịch vụ cũng rất ổn và phù hợp trong tầm giá. Ai xuống Vũng Tàu du lịch thì có tham khảo chỗ này nha"
Joi Hotel - Central,Tờ Ây Ớ Ây,"5/5
một tháng trước trên
Google","một tháng trước trên
Google","Nhân viên dễ thương xĩu, tui đặt trên app lúc check in còn đc nâng hạng phòng. Phòng cũng sạch sẽ và thoáng, có ban công nhỏ, cách âm khá tốt. Khá gần với các tiện ích xung quanh, tui còn ra mua bia uống 🍺🍺🍺"
Joi Hotel - Central,Khoa Lê Duy,"5/5
một tuần trước trên
Google
MỚI","một tuần trước trên
Google","Phòng ốc sạch sẽ, điều hoà, sấy tóc hoạt động tốt, có free nước suối. Nói chung là ko có chỗ chê nào cả!!!!"
Joi Hotel - Central,Khương Hoàng,"5/5
2 tháng trước trên
Google","2 tháng trước trên
Google","Phòng ốc sạch sẽ, điều hoà, sấy tóc hoạt động tốt, có free nước suối. Lúc về còn được tặng hai bịch bánh bông lan. Quá dễ thương."
Joi Hotel - Central,Hoàng Duy,"5/5
3 tuần trước trên
Google
MỚI","3 tuần trước trên
Google","Mình đi hai người, ba ngày hai đêm cảm giác rất oke, phòng rộng thoát mát, nhân viên nhiệt tình, có phòng sớm là hổ trợ nhận luôn. Vị trí phòng gần nhiều chổ ăn uống ngon. Rcm mn nhe"
Joi Hotel - Central,Khánh Quốc,"5/5
3 tuần trước trên
Google
MỚI","3 tuần trước trên
Google","dạ khách sạn rất là hỗ trợ tụi em ạ, nhân viên nhiệt tình trả lời hỗ trợ khi tụi em gặp khó khăn. Có dịp em sẽ ghé quay trở lại ạ. Cảm ơn bên mình rất là nhiều ạ"
Joi Hotel - Central,Heo Hao,"5/5
2 tuần trước trên
Google
MỚI","2 tuần trước trên
Google","Phòng sạch sẽ, nhân viên phục vụ chu đáo , nhiệt tình , xứng đáng để trải nghiệm khi đến vũng tàu"
Joi Hotel - Central,Anh Huỳnh,"5/5
một tháng trước trên
Google","một tháng trước trên
Google","Mình vừa ở đây hôm nay, mình đến sớm khoảng 6h sáng bạn lễ tân vẫn hỗ trợ mình check in sớm vì mình chỉ ở trong ngày. Hỗ trợ cho mình phòng giá cao hơn mức mình đặt do hết phòng nhưng vẫn không thu phí. Mọi người đến Vũng Tàu nên ghé nha. Gần chợ, gần các bãi tắm"
Joi Hotel - Central,Minh Thanh,"5/5
một tuần trước trên
Google
MỚI","một tuần trước trên
Google","Phòng sạch sẽ , thoáng mát , dịch vụ tốt , có các tiện nghi đầy đủ , không có chỗ nào để bàn cãi cả !!"
Joi Hotel - Central,Anh Phương Nguyễn,"5/5
một tuần trước trên
Google
MỚI","một tuần trước trên
Google","Khách sạn nằm gần khu chợ sầm uất, dễ dàng di chuyển. Lễ tân chăm sóc khách nhiệt tình."
Joi Hotel - Central,Y Nhu,"5/5
một tháng trước trên
Google","một tháng trước trên
Google","Mình đặt phòng đơn, giá cả phải chăng, ngay trung tâm thành phố, đi lại rất thuận tiện. Nhân viên chuyên nghiệp, rcm mọi người thử trải nghiệm ở đây"
Joi Hotel - Central,Thị Minh Đan Lê,"5/5
3 tháng trước trên
Google","3 tháng trước trên
Google","Mình book phòng 2 giường có view cửa sổ, nhân viên rất nhiệt tình, phòng sạch sẽ, check out còn đc tặng bánh bông lan, có chỗ đậu xe miễn phí cho xe hơi 4 chỗ luôn."
Khách sạn Ocean Star,Ngoc My,"4/5
một tuần trước trên
Google
MỚI","một tuần trước trên
Google","Mình đặt trên app nên giá khá tốt ngày tết, vị trí gần biển rất thuận tiện đi lại, phòng nhìn cũ xuống cấp, các thiết bị trong phòng cũng cũ không tốt lắm"
Khách sạn Ocean Star,Dương Cao,"4/5
6 tháng trước trên
Google","6 tháng trước trên
Google","GĐ nhỏ của mình ghé 1/9/2025
Có nhận phòng 1 giường nhưng a lễ tân thấy có e bé , nên đã hỗ trợ tư vấn cho phòng mình thêm 1 giường nhỏ, giá vẫn y như 1 giường là 700k .
A lễ tân có bảo nếu có trả phòng thì trái trước 12h trưa , nhưng mình trả trễ sau 12h30 nhưng vẫn k phụ thu thêm .
Phòng k có cách âm , lúc mới vào phòng thì hơi hôi mùi ẵm móc xíu , nhưng mở máy lạnh lên, rồi quạt lên sẽ hết, nói chung tạm được ."
Khách sạn Ocean Star,Tuyền Vũ,"1/5
6 tháng trước trên
Google","6 tháng trước trên
Google","ưu điểm duy nhất là gần biển, còn lại đều rất tệ.
Phòng hôi, ẩm thấp, rất tối. Hành lang cũng rất hôi. Tháng máy đi cà giựt cà giựt, hạn kiểm định chất lượng thang máy chỉ tới tháng 5.2025 đáng sợ thật.
Lễ tân cũng k có thân thiện gì cả. Khách sạn cũng k hỗ trợ nhận phòng sớm đâu mọi người, nhận phòng sớm thì phụ thu 70k/h.
Cân nhắc trước khi book"
Khách sạn Ocean Star,LÊ NAM,"5/5
6 tháng trước trên
Google","6 tháng trước trên
Google","Nằm ngay mặt tiền bãi biển, bước qua bên kia đường là bãi biển nên rất thuận tiện. Có chỗ để xe oto, được ăn buffer sáng."
Khách sạn Ocean Star,huy cong,"1/5
6 tháng trước trên
Google","6 tháng trước trên
Google","Chất lượng dv ko tốt wifi và TV không sử dụng được, chăn mền có cảm giác ngứa cửa thì đóng như đánh trống"
Khách sạn Ocean Star,Lan Trần,"1/5
7 tháng trước trên
Google","7 tháng trước trên
Google","Đối diện biển nên qua lại dễ. Đó là ưu điểm duy nhất luôn nha! Do mình đi về liền nên ko có thời gian hỏi ks khác mới vô ks này.
1. Phòng: ko đáng tiền, phòng nhỏ, tiện ích ko nhiều, nhà vệ sinh nó tối kiểu gì á, còn ga giường và gối có cảm giác ngứa và ko sạch. Nói chung ko thoáng và sạch sẽ như hình mẫu đâu!
2. Phục vụ: ngộ ha, lúc đầu kêu nước trên bàn ko tính tiền nhưng nước trong tủ lạnh thì tính tiền. Ok. Tới khi checkout lễ tân đổi ca, bắt mình trả 2 chai nước suối. Thiệt tình 12k nó nhỏ lắm nhưng do cái kiểu làm việc ko đúng với thoả thuận nên 12k lớn bằng uy tín của ks luôn á."
Khách sạn Ocean Star,Ngọc Đầy Nguyễn,"1/5
8 tháng trước trên
Google","8 tháng trước trên
Google","Đặt 1.6tr/đêm/phòng
Tới nơi lễ tân bảo không kèm bữa sáng .
Thất vọng tập 1
Check in lúc 13:15 phụ thu 50k/phòng
Thất vọng tập 2
Vào sảnh nóng vì mùa hè, có máy lạnh nhưng rút điện không mở"
Khách sạn Ocean Star,Taundo,"2/5
8 tháng trước trên
Google","8 tháng trước trên
Google","Phòng nhỏ nhưng kiến trúc kiểu cũ nên có mùi ẩm.
Nhà vệ sinh lót gạch tối màu, đèn mù mù nên cảm giác không sạch sẽ.
Không bắt được wifi dù phòng ở phía trước, 5g không vào được. Muốn online xuống sảnh hay ra ngoài.
Đi cuối tuần, phòng 1tr mấy mà kiểu này thật không xứng đáng."
Khách sạn Ocean Star,Kathy Tran,"5/5
7 tháng trước trên
Google","7 tháng trước trên
Google","Mình đi ngày thường nên giá phòng cũng khá ổn áp, view phòng nhìn thẳng ra biển nên chill lắm, muốn tắm biển thì chỉ cần băng qua đường là tới lèn. Trước khi mình đi mình cũng không có xem review, dạo vòng vòng Vũng Tàu thấy kế bên có CircleK vs Gs25 cũng thuận tiện nên chọn ở để trải nghiệm và cũng không có sự thất vọng nào."
Khách sạn Ocean Star,Hoàng Trang Lê,"1/5
11 tháng trước trên
Google","11 tháng trước trên
Google","Khách sạn hôi mùi gián, gián bò từng đàn nổi da gà cục cục, mùi rất khó chịu. Đèn lập loè không đủ ánh sáng, thiếu ổ điện, giá mắc (hơn 800k 1 phòng đơn nhỏ)."
Khách sạn Ocean Star,Lê Quyên,"2/5
7 tháng trước trên
Google","7 tháng trước trên
Google","Phòng ẩm thấp ko cách âm,tối 2,3h sáng tiếng kéo ghế rầm rầm tiếng xe cộ qa lại nghe rõ,ko nâng cấp hay để dc 1 cục khử mùi nữa .ko quay lại"
Khách sạn Ocean Star,Tiên Cẩm,"1/5
7 tháng trước trên
Google","7 tháng trước trên
Google",lễ tân đổ thừa khách lấy đồ của khách sạn khi khách cho kiểm tra vali nhưng lễ tân vẫn 1 2 bảo mất đồ làm khó khách mn nên né ra ks này nha để trường hợp kh giống e 1 lần nhớ đời khi đi du lịch vt mà gặp trường hợp này👎 …
Khách sạn Ocean Star,Khang Tạ Mẫn,"1/5
8 tháng trước trên
Google","8 tháng trước trên
Google","Phòng nhỏ máy lạnh không mát, nhân viên kiếm thêm phòng đặt 14h nhưng 15:30 chưa được nhận phòng, thái độ nhân viên cười trừ"
Khách sạn Ocean Star,vũ Nguyễn,"5/5
một năm trước trên
Google","một năm trước trên
Google","Phòng khá sạch sẽ, yên tĩnh, giá cả hợp lí. Nhân viên (tiếp tân, bv, kĩ thuật, tạp vụ) vui vẻ thân thiện, nhiệt tình. Vị trí ks gần biển, tiện di chuyển.
Wifi hơi yếu, ks cải thiện nhé!"
Khách sạn Ocean Star,Nguyen Tuan Thanh,"1/5
8 tháng trước trên
Google","8 tháng trước trên
Google","Quá tệ so với giá.
Phòng ẩm thấp
Nước dơ bẩn ko thể sử dụng
Tiếp tân nữ tệ quá
Một trãi nghiệm tệ hại"
Khách sạn Ocean Star,Liễn Lê Văn,"5/5
một năm trước trên
Google","một năm trước trên
Google","Phòng ốc của khách sạn không mới, nhưng dịch vụ tốt, nhân viên lễ phép
Vị trí tuyệt vời, phù hợp tắm biễn, đi dạo"
Khách sạn Ocean Star,CSBDVHTT THIEN TRI,"1/5
10 tháng trước trên
Google","10 tháng trước trên
Google","phòng bốc mùi, bảo vệ thái độ quá kém, ở ks này thì phải đi xe sang nha, xe 500 củ sẽ bị xem thường"
Khách sạn Ocean Star,Louis Koo,"3/5
một năm trước trên
Google","một năm trước trên
Google","Vị trí ngay trung tâm, view biển đẹp, phòng ốc cũ, nệm bị lún, trở mình giường kêu cót két khó chịu, vòi tắm cũ nên thay, buổi tối nước yếu ko xài vòi tắm được. Cúp điện nhưng hotel có máy phát, hài lòng. Giá hợp lý túi tiền. Sẽ quay lại nếu có dịp."
Khách sạn Ocean Star,Thanh Tùng Lê,"1/5
một năm trước trên
Google","một năm trước trên
Google","khăn tắm lau xong, ở 3 ngày khách sạn k thay khăn, grap, gối, xong tới trả phòng ks phụ thu khăn dơ 50k/khăn, ủa, tắm lau 2 ngày xong bảo khăn dơ rồi phụ thu
không bao giờ tới ks này lần 2
lưu ý cho khách tới Vũng Tàu k nên thuê ks này
ks ngay dốc bãi sau"
Khách sạn Ocean Star,HỒNG NGỌC TIVI,"1/5
2 năm trước trên
Google","2 năm trước trên
Google","Khách sạn cũ, đồ dùng cũ, không tiện nghi. Không có buffet sáng vì lý do không đủ khách, tính tiền phòng 2 giường đôi 1tr8/1 đêm mà ăn sáng chỉ chọn 1 trong 3 món (giá thứ 7 ngày 22/4/2023) không xứng đáng. Giờ ăn sáng hạn chế 7h-8h30 ảnh hưởng giờ tắm biển của gia đình tôi. Khách sạn ế vắng khách dù là cuối tuần vì giá mắc và cũ, cũ từ ngoài vào trong, sảnh cũ, bàn tiếp tân cũ, phòng cũ, tolet cũ, giường cũ, gạch nền cũ, chỉ mỗi giá thuê phòng là cập nhật mới. Phòng thiếu ánh sáng, bàn trang điểm không có đèn phải ra cửa sổ ngồi trang điểm. Tolet hầm bí, bồn cầu ngà vàng không thay mới, bồn tắm mất nút đậy. Cửa kính view biển bẩn thiểu không nhìn được cảnh vật. Thiếu nhân viên, tiếp tân phải chạy đi làm việc khác. Làm chuyến đi mất vui vì chỗ ở tệ. Không bao giờ chọn lại Ks Ocean Star để lưu trú."
