Store_ID,subprovince,Title,URL,Competitor
1,HCM,Pizza 4P’s Lê Đại Hành,"https://www.google.com/maps/place/Pizza+4P's+Le+Dai+Hanh+-+The+Emporium+Building/@10.7650637,106.6553676,17z/data=!4m8!3m7!1s0x31752f0cd6a048fd:0x461d8d512e9a723f!8m2!3d10.7650637!4d106.6553676!9m1!1b1!16s%2Fg%2F11fpf4my_q?authuser=0&hl=vi&entry=ttu&hl=vi",4P
2,HCM,Pizza 4P’s Lê Thánh Tôn,"https://www.google.com/maps/place/Pizza+4P%E2%80%99s+L%C3%AA+Th%C3%A1nh+T%C3%B4n/@10.7818738,106.7051397,17z/data=!4m8!3m7!1s0x31752f4937cb401d:0x985b0267c61f8139!8m2!3d10.7818738!4d106.7051397!9m1!1b1!16s%2Fg%2F11c1qb2jtn?authuser=0&hl=vi&entry=ttu&hl=vi",4P
3,HCM,Pizza 4P's Hai Bà Trưng,"https://www.google.com/maps/place/Pizza+4P's+Hai+B%C3%A0+Tr%C6%B0ng/@10.7830429,106.6969727,17z/data=!4m8!3m7!1s0x31752f3689d6e90b:0xfed9192a456fc218!8m2!3d10.7830429!4d106.6969727!9m1!1b1!16s%2Fg%2F11f30hwc20?authuser=0&hl=vi&entry=ttu&hl=vi",4P
4,HCM,Pizza 4P's Saigon Pearl,"https://www.google.com/maps/place/Pizza+4P's+Saigon+Pearl/@10.789579,106.720885,17z/data=!4m8!3m7!1s0x317529cbd33b4df9:0x39d3bd05b8fb6400!8m2!3d10.789579!4d106.720885!9m1!1b1!16s%2Fg%2F11j4bztbyl?authuser=0&hl=vi&entry=ttu&hl=vi",4P
5,HCM,Pizza 4P's Ben Thanh,"https://www.google.com/maps/place/Pizza+4P's+Ben+Thanh/@10.773108,106.6974778,17z/data=!4m8!3m7!1s0x31752f7998588b7d:0x8f43f3d4a8472384!8m2!3d10.773361!4d106.6976173!9m1!1b1!16s%2Fg%2F11k1lbvf9v?authuser=0&hl=vi&entry=ttu&hl=vi",4P
6,HCM,Pizza 4P's Saigon Centre,"https://www.google.com/maps/place/Pizza+4P's+Saigon+Centre/@10.7733616,106.7005025,17z/data=!4m8!3m7!1s0x31752f343bc5efc3:0x9bd9cfb7eb58a1a9!8m2!3d10.7733616!4d106.7005025!9m1!1b1!16s%2Fg%2F11gbldm4t6?authuser=0&hl=vi&entry=ttu&hl=vi",4P
7,HCM,Pizza 4P’s Võ Văn Kiệt,"https://www.google.com/maps/place/Pizza+4P%E2%80%99s+V%C3%B5+V%C4%83n+Ki%E1%BB%87t/@10.7551082,106.6876645,17z/data=!4m8!3m7!1s0x31752f50232239cb:0x6d311cc56af0adef!8m2!3d10.7551082!4d106.6876645!9m1!1b1!16s%2Fg%2F11fgm61kfy?authuser=0&hl=vi&entry=ttu&hl=vi",4P
8,HCM,Pizza 4P's Xuân Thủy,"https://www.google.com/maps/place/Pizza+4P's+Xu%C3%A2n+Th%E1%BB%A7y/@10.8026229,106.7308124,17z/data=!4m8!3m7!1s0x3175270ab4793e09:0x1ab416c71ad38bcf!8m2!3d10.8026229!4d106.7308124!9m1!1b1!16s%2Fg%2F11h5s3p2vr?authuser=0&hl=vi&entry=ttu&hl=vi",4P
9,HCM,Pizza 4P's Estella,"https://www.google.com/maps/place/Pizza+4P's+Estella/@10.802033,106.7485027,17z/data=!4m8!3m7!1s0x3175279bb37b9a01:0x66cdb1806482d7bc!8m2!3d10.802033!4d106.7485027!9m1!1b1!16s%2Fg%2F11h9183qvh?authuser=0&hl=vi&entry=ttu&hl=vi",4P
10,HCM,Pizza 4P's Giga Mall,"https://www.google.com/maps/place/Pizza+4P's+Giga+Mall/@10.8274793,106.7217033,17z/data=!4m8!3m7!1s0x317529263e48631f:0x7147160fd44ee834!8m2!3d10.8274793!4d106.7217033!9m1!1b1!16s%2Fg%2F11fnr5j2vm?authuser=0&hl=vi&entry=ttu&hl=vi",4P
11,HCM,Pizza 4P’s Thiso Mall,"https://www.google.com/maps/place/Pizza+4P's/@10.7724565,106.7220011,17z/data=!4m8!3m7!1s0x31752fe6a892f76b:0xfdaabcc97ee2d1e2!8m2!3d10.7724565!4d106.7220011!9m1!1b1!16s%2Fg%2F11j_15mzzs?authuser=0&hl=vi&entry=ttu&hl=vi",4P
12,HCM,Pizza 4P’s Cobi Tower II (Phú Mỹ Hưng),"https://www.google.com/maps/place/Pizza+4P's+Ph%C3%BA+M%E1%BB%B9+H%C6%B0ng+2/@10.7308117,106.7245202,17z/data=!4m8!3m7!1s0x31752f8f1b85f2e7:0x5f1b89599086065d!8m2!3d10.7308117!4d106.7245202!9m1!1b1!16s%2Fg%2F11cjjvw91l?authuser=0&hl=vi&entry=ttu&hl=vi",4P
13,HCM,Pizza 4P's Aeon mall Tan Phu,"https://www.google.com/maps/place/Pizza+4P's+Aeon+mall+Tan+Phu/@10.8016988,106.6175257,17z/data=!4m8!3m7!1s0x31752be822a9bf19:0x1b1690b7be59e663!8m2!3d10.8016988!4d106.6175257!9m1!1b1!16s%2Fg%2F11rj_g7h6r?authuser=0&hl=vi&entry=ttu&hl=vi",4P
14,HCM,Pizza 4P's SC Vivo City,"https://www.google.com/maps/place/Pizza+4P's+SC+Vivo+City/@10.7298577,106.7032856,17z/data=!4m8!3m7!1s0x31752ffa64816f85:0xbb2fb41f0f2b2320!8m2!3d10.7298577!4d106.7032856!9m1!1b1!16s%2Fg%2F11rz6qllyg?authuser=0&hl=vi&entry=ttu&hl=vi",4P
15,HCM,Pizza 4P's Hoang The Thien,"https://www.google.com/maps/place/Pizza+4P's/@10.7721859,106.7228404,17z/data=!4m8!3m7!1s0x31752f7357eaa975:0xcf39e22ce77c6c2c!8m2!3d10.7721859!4d106.7228404!9m1!1b1!16s%2Fg%2F11v44g1s11?authuser=0&hl=vi&entry=ttu&hl=vi",4P
16,Binh Duong,Pizza 4P's Hikari Bình Dương,"https://www.google.com/maps/place/Pizza+4P's+Hikari+B%C3%ACnh+D%C6%B0%C6%A1ng/@11.058488,106.6844912,17z/data=!4m8!3m7!1s0x3174cfc772a6af8f:0xb53947f52117c070!8m2!3d11.058488!4d106.6844912!9m1!1b1!16s%2Fg%2F11s8vhl025?authuser=0&hl=vi&entry=ttu&hl=vi",4P
17,HN,Pizza 4P's Lotte Center Hanoi,"https://www.google.com/maps/place/Pizza+4P's+Lotte+Center+Hanoi/@21.0318811,105.8097283,17z/data=!4m8!3m7!1s0x3135ab234769acf5:0xb64e26e49920f557!8m2!3d21.0318761!4d105.8123032!9m1!1b1!16s%2Fg%2F11fjy3m6hn?authuser=0&hl=vi&entry=ttu&hl=vi",4P
18,HN,Pizza 4P's Aeon Mall Ha Dong,"https://www.google.com/maps/place/Pizza+4P's+Aeon+Mall+Ha+Dong/@20.98973,105.748211,17z/data=!4m8!3m7!1s0x3134532ccf0f618d:0xa790a2636808559d!8m2!3d20.989725!4d105.7507859!9m1!1b1!16s%2Fg%2F11v4pn_872?authuser=0&hl=vi&entry=ttu&hl=vi",4P
19,Hai Phong,Pizza 4P's Aeon Mall Hải Phòng,"https://www.google.com/maps/place/Pizza+4P's+Aeon+Mall+H%E1%BA%A3i+Ph%C3%B2ng/@20.8309421,106.6810451,17z/data=!4m8!3m7!1s0x314a71aebbc88725:0xd5d63b3a67d36ecd!8m2!3d20.8309371!4d106.68362!9m1!1b1!16s%2Fg%2F11mvth60gd?authuser=0&hl=vi&entry=ttu&hl=vi",4P
20,HN,Pizza 4P's Phan Kế Bính,"https://www.google.com/maps/place/Pizza+4P's+Phan+K%E1%BA%BF+B%C3%ADnh/@21.0341714,105.8099347,17z/data=!4m8!3m7!1s0x3135ab94762e930d:0x4e2723f5f84ce55c!8m2!3d21.0341714!4d105.8125096!9m1!1b1!16s%2Fg%2F11gk8wjj5c?authuser=0&hl=vi&entry=ttu&hl=vi",4P
21,HN,Pizza 4P’s Vincom Long Biên,"https://www.google.com/maps/place/Pizza+4P's+Vincom+Long+Bi%C3%AAn/@21.0505356,105.9137864,17z/data=!4m8!3m7!1s0x3135a9ef43e01aed:0xd33e52a4d95ba178!8m2!3d21.0505356!4d105.9163613!9m1!1b1!16s%2Fg%2F11k3xghwyy?authuser=0&hl=vi&entry=ttu&hl=vi",4P
22,HN,Pizza 4P’s Aeon Mall Long Biên,"https://www.google.com/maps/place/Pizza+4P's+Aeon+Mall+Long+Bien/@21.0267986,105.8980679,17z/data=!4m8!3m7!1s0x3135a976cead5829:0xb322689139e97db6!8m2!3d21.0267986!4d105.9006428!9m1!1b1!16s%2Fg%2F11s5573_0_?authuser=0&hl=vi&entry=ttu&hl=vi",4P
23,HN,Pizza 4P’s Vincom Phạm Ngọc Thạch,"https://www.google.com/maps/place/Pizza+4P%E2%80%99s+Vincom+Pham+Ngoc+Thach/@21.0067491,105.8295133,17z/data=!4m8!3m7!1s0x3135ada00dd63cb5:0x871ec54de8aa94ec!8m2!3d21.0067491!4d105.8320882!9m1!1b1!16s%2Fg%2F11fs0bf4lc?authuser=0&hl=vi&entry=ttu&hl=vi",4P
24,HN,Pizza 4P’s Indochina Plaza,"https://www.google.com/maps/place/Pizza+4P's+Indochina+Plaza/@21.0363254,105.7801368,17z/data=!4m8!3m7!1s0x3135ab1428e0dd7d:0x6598d6902d8c13e8!8m2!3d21.0363254!4d105.7827117!9m1!1b1!16s%2Fg%2F11nnvwwz8y?authuser=0&hl=vi&entry=ttu&hl=vi",4P
25,HN,Pizza 4P’s Landmark 72,"https://www.google.com/maps/place/Pizza+4P%E2%80%99s+Landmark+Hanoi/@21.0172704,105.781091,17z/data=!4m8!3m7!1s0x3135aba6da1451f9:0x54efb9402419dfa!8m2!3d21.0172704!4d105.7836659!9m1!1b1!16s%2Fg%2F11frmnt0vr?authuser=0&hl=vi&entry=ttu&hl=vi",4P
26,HN,Pizza 4P's Lotte Center Hanoi,"https://www.google.com/maps/place/Pizza+4P's+Lotte+Center+Hanoi/@21.0318761,105.8097283,17z/data=!4m8!3m7!1s0x3135ab234769acf5:0xb64e26e49920f557!8m2!3d21.0318761!4d105.8123032!9m1!1b1!16s%2Fg%2F11fjy3m6hn?authuser=0&hl=vi&entry=ttu&hl=vi",4P
27,HN,Pizza 4P’s Hoàng Thành,"https://www.google.com/maps/place/Pizza+4P's+To%C3%A0+nh%C3%A0+Ho%C3%A0ng+Th%C3%A0nh/@21.0114871,105.8481847,17z/data=!4m8!3m7!1s0x3135ab5bae8ae05d:0x3a189fb7a23c7bd5!8m2!3d21.0114871!4d105.8507596!9m1!1b1!16s%2Fg%2F11j19dh_bk?authuser=0&hl=vi&entry=ttu&hl=vi",4P
28,HN,Pizza 4P’s Bảo Khánh,"https://www.google.com/maps/place/Pizza+4P%E2%80%99s+B%E1%BA%A3o+Kh%C3%A1nh/@21.031054,105.8475738,17z/data=!4m8!3m7!1s0x3135ab95850c0c9b:0x8f6aaef1b985c9b5!8m2!3d21.031054!4d105.8501487!9m1!1b1!16s%2Fg%2F11bw46_k6g?authuser=0&hl=vi&entry=ttu&hl=vi",4P
29,HN,Pizza 4P’s Tràng Tiền,"https://www.google.com/maps/place/Pizza+4P%E2%80%99s+Tr%C3%A0ng+Ti%E1%BB%81n/@21.0249846,105.8516378,17z/data=!4m8!3m7!1s0x3135ab72f83894e1:0x4737dc743d51a9d4!8m2!3d21.0249846!4d105.8542127!9m1!1b1!16s%2Fg%2F11s8x0d9vq?authuser=0&hl=vi&entry=ttu&hl=vi",4P
30,Da Nang,Pizza 4P's Indochina Da Nang,"https://www.google.com/maps/place/Pizza+4P's+Indochina+Da+Nang/@16.0700193,108.2223326,17z/data=!4m8!3m7!1s0x3142193cf50bef09:0x6f1b1de8e432c22e!8m2!3d16.0700193!4d108.2249075!9m1!1b1!16s%2Fg%2F11j3vtbdz8?authuser=0&hl=vi&entry=ttu&hl=vi",4P
31,Da Nang,Pizza 4P’s Hoàng Văn Thụ,"https://www.google.com/maps/place/Pizza+4P's/@16.0627429,108.2202233,17z/data=!4m8!3m7!1s0x314219ccdf0f40a9:0xd24d1244e66dad46!8m2!3d16.0627429!4d108.2227982!9m1!1b1!16s%2Fg%2F11c2pmpqmg?authuser=0&hl=vi&entry=ttu&hl=vi",4P
32,Khanh Hoa,Pizza 4P’s Sheraton Nha Trang,"https://www.google.com/maps/place/Pizza+4P's+Nha+Trang/@12.2462509,109.1771403,15z/data=!4m12!1m2!2m1!1sPizza+4P%E2%80%99s+Sheraton+Nha+Trang!3m8!1s0x3170671ee8e8e5e5:0xf482903fd33692ad!8m2!3d12.2462509!4d109.1961947!9m1!1b1!15sCh9QaXp6YSA0UOKAmXMgU2hlcmF0b24gTmhhIFRyYW5nIgOIAQFaHyIdcGl6emEgNHAncyBzaGVyYXRvbiBuaGEgdHJhbmeSARBwaXp6YV9yZXN0YXVyYW504AEA!16s%2Fg%2F11h5n8z2fn?authuser=0&hl=vi&entry=ttu&hl=vi",4P
81999,HCM,Dominos - DINH BO LINH,"https://www.google.com/maps/place/Domino's+Pizza/@10.8091057,106.7068292,17z/data=!4m18!1m9!3m8!1s0x317528bd72c57719:0xafa248faeb26b8be!2sDomino's+Pizza!8m2!3d10.8091004!4d106.7094041!9m1!1b1!16s%2Fg%2F11c4s6kn2d!3m7!1s0x317528bd72c57719:0xafa248faeb26b8be!8m2!3d10.8091004!4d106.7094041!9m1!1b1!16s%2Fg%2F11c4s6kn2d?entry=ttu&hl=vi",Domino
82004,HCM,Dominos - PHAN VAN TRI,"https://www.google.com/maps/place/Domino's+Pizza/@10.8237706,106.6892168,17z/data=!4m8!3m7!1s0x317528f1b7a2ca6b:0xd5bb6d73d39c8249!8m2!3d10.8237653!4d106.6917917!9m1!1b1!16s%2Fg%2F11c462sxnt?entry=ttu&hl=vi",Domino
82009,HCM,Dominos - NGUYEN KIEM,"https://www.google.com/maps/place/Domino's+Pizza+Nguy%E1%BB%85n+Ki%E1%BB%87m/@10.8079037,106.6761191,17z/data=!4m8!3m7!1s0x31752918226be353:0xfbfb874a203af771!8m2!3d10.8078984!4d106.678694!9m1!1b1!16s%2Fg%2F1td6_h2g?entry=ttu&hl=vi",Domino
81988,HCM,Dominos - LE VAN SY,"https://www.google.com/maps/place/Domino's+Pizza/@10.7957028,106.6635033,17z/data=!4m8!3m7!1s0x31752ed540d813a3:0x22d243f88e3ddd7!8m2!3d10.7956975!4d106.6660782!9m1!1b1!16s%2Fg%2F11b6mmmd86?entry=ttu&hl=vi",Domino
81995,HCM,Dominos - KHA VAN CAN,"https://www.google.com/maps/place/Domino's+Pizza+Kha+V%E1%BA%A1n+C%C3%A2n/@10.8466533,106.7487517,17z/data=!4m8!3m7!1s0x317527b8f02b4037:0x1eb8623512379821!8m2!3d10.846648!4d106.7513266!9m1!1b1!16s%2Fg%2F11b7m9jk_y?entry=ttu&hl=vi",Domino
81998,HCM,Dominos - DUONG BA TRAC,"https://www.google.com/maps/place/Domino's+Pizza+D%C6%B0%C6%A1ng+B%C3%A1+Tr%E1%BA%A1c/@10.7461503,106.6863613,17z/data=!4m8!3m7!1s0x31752fa78d992811:0xc5b84c7528dab521!8m2!3d10.746145!4d106.6889362!9m1!1b1!16s%2Fg%2F11clydhrx5?entry=ttu&hl=vi",Domino
82001,HCM,Dominos - LE VAN VIET,"https://www.google.com/maps/place/Domino's+Pizza+L%C3%AA+V%C4%83n+Vi%E1%BB%87t/@10.8439163,106.7796954,17z/data=!4m8!3m7!1s0x31752711fcf07a91:0x1a139ce2bb37c951!8m2!3d10.843911!4d106.7822703!9m1!1b1!16s%2Fg%2F11cpjg6ppb?entry=ttu&hl=vi",Domino
82017,HCM,Dominos - QUOC HUONG,"https://www.google.com/maps/place/Domino's+Pizza+Qu%E1%BB%91c+H%C6%B0%C6%A1ng/@10.8026214,106.7300148,17z/data=!4m8!3m7!1s0x3175270193345819:0x865eaec87e196cd7!8m2!3d10.8026161!4d106.7325897!9m1!1b1!16s%2Fg%2F11j57m3fsq?entry=ttu&hl=vi",Domino
81989,HCM,Dominos - HOA BINH,"https://www.google.com/maps/place/Domino's+Pizza+-+H%C3%B2a+B%C3%ACnh/@10.7675053,106.6382584,17z/data=!4m8!3m7!1s0x31752e99d6e40d81:0xa8b1a4687760d9bf!8m2!3d10.7675!4d106.6408333!9m1!1b1!16s%2Fg%2F11b7tgqk9w?entry=ttu&hl=vi",Domino
81994,HCM,Dominos - TEN LUA,"https://www.google.com/maps/place/Domino's+Pizza+T%C3%AAn+L%E1%BB%ADa/@10.7520921,106.6080347,17z/data=!4m8!3m7!1s0x31752c349752068d:0xe3670277b7fcba7d!8m2!3d10.7520868!4d106.6106096!9m1!1b1!16s%2Fg%2F11bzrh9rws?entry=ttu&hl=vi",Domino
82014,HCM,Dominos - NGUYEN SON,"https://www.google.com/maps/place/Domino's+Pizza/@10.7836673,106.620863,17z/data=!4m18!1m9!3m8!1s0x31752d0eceb3fc71:0x147539d6ebe8a434!2sDomino's+Pizza!8m2!3d10.783662!4d106.6234379!9m1!1b1!16s%2Fg%2F11fny_rnfb!3m7!1s0x31752d0eceb3fc71:0x147539d6ebe8a434!8m2!3d10.783662!4d106.6234379!9m1!1b1!16s%2Fg%2F11fny_rnfb?entry=ttu&hl=vi",Domino
81984,HCM,Dominos - NGUYEN TRI PHUONG,"https://www.google.com/maps/place/Domino's+Pizza+Nguy%E1%BB%85n+Tri+Ph%C6%B0%C6%A1ng/@10.7616975,106.665622,17z/data=!4m8!3m7!1s0x31752ee444e238f3:0xf6d107c2f69b0b2d!8m2!3d10.7616922!4d106.6681969!9m1!1b1!16s%2Fg%2F1tg32p_g?entry=ttu&hl=vi",Domino
82007,HCM,Dominos - LIEN TINH 5,"https://www.google.com/maps/place/Domino's+Pizza+Li%C3%AAn+T%E1%BB%89nh+5/@10.7359853,106.6533441,17z/data=!4m8!3m7!1s0x31752f9f57763dbd:0x85802c43f979e396!8m2!3d10.73598!4d106.655919!9m1!1b1!16s%2Fg%2F11ftmh_kgm?entry=ttu&hl=vi",Domino
82010,HCM,Dominos - LE VAN QUOI,"https://www.google.com/maps/place/Domino's+Pizza+L%C3%AA+V%C4%83n+Qu%E1%BB%9Bi/@10.7765277,106.6038067,17z/data=!4m8!3m7!1s0x31752c6b11b94df5:0xed29fa82287deaa6!8m2!3d10.7765224!4d106.6063816!9m1!1b1!16s%2Fg%2F11fznmk2gp?entry=ttu&hl=vi",Domino
82000,HCM,Dominos - NGUYEN ANH THU,"https://www.google.com/maps/place/Domino's+Pizza+Nguy%E1%BB%85n+%E1%BA%A2nh+Th%E1%BB%A7/@10.8656763,106.6114549,17z/data=!4m8!3m7!1s0x31752a11268d08cb:0x163330c116c003f8!8m2!3d10.865671!4d106.6140298!9m1!1b1!16s%2Fg%2F11clybynlg?entry=ttu&hl=vi",Domino
82006,HCM,Dominos - NGUYEN DUY TRINH,"https://www.google.com/maps/place/Domino's+Pizza+Nguy%E1%BB%85n+Duy+Trinh/@10.7884298,106.7556253,17z/data=!4m8!3m7!1s0x31752677835acf91:0x8f620bb16ab0adda!8m2!3d10.7884245!4d106.7582002!9m1!1b1!16s%2Fg%2F11c5bp6w5j?entry=ttu&hl=vi",Domino
82011,HCM,Dominos - LE THI HA,"https://www.google.com/maps/place/Domino's+Pizza+L%C3%AA+Th%E1%BB%8B+H%C3%A0/@10.886426,106.5958228,17z/data=!4m8!3m7!1s0x31752f822b61c8fd:0x3701443eedff1104!8m2!3d10.8864207!4d106.5983977!9m1!1b1!16s%2Fg%2F11jfs61xdh?entry=ttu&hl=vi",Domino
81980,HCM,Dominos - PHU MY HUNG,"https://www.google.com/maps/place/Domino's+Pizza/@10.7252447,106.7063343,17z/data=!4m8!3m7!1s0x31752f92e297036b:0x9b0314332d12a58a!8m2!3d10.7252394!4d106.7089092!9m1!1b1!16s%2Fg%2F1tj8_0kz?entry=ttu&hl=vi",Domino
81985,HCM,Dominos - KHANH HOI,"https://www.google.com/maps/place/Domino's+Pizza+Kh%C3%A1nh+H%E1%BB%99i/@10.7558906,106.6986368,17z/data=!4m8!3m7!1s0x31752f72a24132b3:0x1b88fa36ec833892!8m2!3d10.7558853!4d106.7012117!9m1!1b1!16s%2Fg%2F11b7svh1q8?entry=ttu&hl=vi",Domino
82012,HCM,Dominos - PHAN HUY ICH,"https://www.google.com/maps/place/Domino's+Pizza+%C4%90%C6%B0%E1%BB%9Dng+Phan+Huy+%C3%8Dch/@10.8237369,106.627237,17z/data=!4m8!3m7!1s0x3175296290c9df35:0xecab01a7e1511b5d!8m2!3d10.8237316!4d106.6298119!9m1!1b1!16s%2Fg%2F11j00spdx2?entry=ttu&hl=vi",Domino
82015,HCM,Dominos - HUYNH TAN PHAT 2,"https://www.google.com/maps/place/Domino's+Pizza+1108+Hu%E1%BB%B3nh+T%E1%BA%A5n+Ph%C3%A1t/@10.7216458,106.7360133,17z/data=!4m8!3m7!1s0x317525357669f24d:0x3aef791ff351bc1!8m2!3d10.7216458!4d106.7360133!9m1!1b1!16s%2Fg%2F11ftmj7msv?authuser=0&hl=vi&entry=ttu&hl=vi",Domino
82013,HCM,Dominos - LE VAN KHUONG,"https://www.google.com/maps/place/Domino's+Pizza+L%C3%AA+V%C4%83n+Kh%C6%B0%C6%A1ng/@10.8699798,106.6465552,17z/data=!4m8!3m7!1s0x317529b421cb3027:0x5a2a30403562cb79!8m2!3d10.8699745!4d106.6491301!9m1!1b1!16s%2Fg%2F11jfs6dbjh?authuser=0&hl=vi&entry=ttu&hl=vi",Domino
82060,HCM,Dominos - PHAM HONG THAI,"https://www.google.com/maps/place/Domino's/@10.7713749,106.693471,17z/data=!4m8!3m7!1s0x31752fe9a6de6867:0xc9e48ba9246989ea!8m2!3d10.7713696!4d106.6960459!9m1!1b1!16s%2Fg%2F11mth6cd1l?authuser=0&hl=vi&entry=ttu&hl=vi",Domino
82019,HCM,Dominos - NGUYEN THI TU,"https://www.google.com/maps/place/Domino's+Pizza+Nguy%E1%BB%85n+Th%E1%BB%8B+T%C3%BA/@10.8144419,106.5795191,17z/data=!4m8!3m7!1s0x31752b7904cbfa97:0x691eda4c8374c553!8m2!3d10.8144366!4d106.582094!9m1!1b1!16s%2Fg%2F11lkmty1cv?authuser=0&hl=vi&entry=ttu&hl=vi",Domino
82032,HCM,Dominos - THONG NHAT,"https://www.google.com/maps/place/Domino's+Pizza+Th%E1%BB%91ng+Nh%E1%BA%A5t/@10.8349897,106.6621037,17z/data=!4m8!3m7!1s0x317529dfc8a0fce7:0x78bd8d9d64897277!8m2!3d10.8349844!4d106.6646786!9m1!1b1!16s%2Fg%2F11nnz1qp1_?authuser=0&hl=vi&entry=ttu&hl=vi",Domino
81991,HCM,Dominos - HAU GIANG,"https://www.google.com/maps/place/Domino%E2%80%99s+Pizza/@10.7496412,106.6409348,17z/data=!4m8!3m7!1s0x31752e88218d54a3:0xcb564259cea891c2!8m2!3d10.7496359!4d106.6435097!9m1!1b1!16s%2Fg%2F11f_zn748y?authuser=0&hl=vi&entry=ttu&hl=vi",Domino
82003,HCM,Dominos - CN1,"https://www.google.com/maps/place/Domino's+Pizza+%C4%90%C6%B0%E1%BB%9Dng+CN1/@10.80568,106.6060992,17z/data=!4m8!3m7!1s0x31752bead26596b1:0x231c1d0e91266049!8m2!3d10.8056747!4d106.6086741!9m1!1b1!16s%2Fg%2F11v07bsz_v?authuser=0&hl=vi&entry=ttu&hl=vi",Domino
81993,HCM,DOMINOS - NGUYEN VAN TANG,"https://www.google.com/maps/place/Domino's+Pizza+Nguy%E1%BB%85n+V%C4%83n+T%C4%83ng/@10.8413972,106.8208502,17z/data=!4m8!3m7!1s0x317521da214a9221:0x5aecc55cd9bc028b!8m2!3d10.8413919!4d106.8234251!9m1!1b1!16s%2Fg%2F11y1_3gkgj?authuser=0&hl=vi&entry=ttu&hl=vi",Domino
82027,HN,Dominos - 4 SEASON HA NOI,"https://www.google.com/maps/place/Domino's+Pizza+H%C3%A0ng+Gai/@21.0322389,105.8505593,19z/data=!4m8!3m7!1s0x3135abfd19f8cab9:0xb44d9a02018cafc3!8m2!3d21.0322376!4d105.851203!9m1!1b1!16s%2Fg%2F11j3x7__dr?authuser=0&hl=vi&entry=ttu&hl=vi",Domino
82024,HN,Dominos - TRUNG KINH HA NOI,"https://www.google.com/maps/place/Domino's+Pizza+Trung+K%C3%ADnh/@21.0153577,105.7924629,17z/data=!4m8!3m7!1s0x3135ab7e14848ddb:0x972565e64505524a!8m2!3d21.0153527!4d105.7950378!9m1!1b1!16s%2Fg%2F11h62wzxzp?authuser=0&hl=vi&entry=ttu&hl=vi",Domino
82029,HN,Dominos - TO HIEN THANH,"https://www.google.com/maps/place/Domino's+Pizza+T%C3%B4+Hi%E1%BA%BFn+Th%C3%A0nh/@21.0136345,105.8485758,17z/data=!4m18!1m9!3m8!1s0x3135ab8ca21d5a61:0x6a34e57b77b44db8!2zRG9taW5vJ3MgUGl6emEgVMO0IEhp4bq_biBUaMOgbmg!8m2!3d21.0136295!4d105.8511507!9m1!1b1!16s%2Fg%2F11b6hgd3rz!3m7!1s0x3135ab8ca21d5a61:0x6a34e57b77b44db8!8m2!3d21.0136295!4d105.8511507!9m1!1b1!16s%2Fg%2F11b6hgd3rz?authuser=0&hl=vi&entry=ttu&hl=vi",Domino
82030,HN,Dominos - GIANG VO,"https://www.google.com/maps/place/Domino's+Pizza+Gi%E1%BA%A3ng+V%C3%B5/@21.026872,105.8208132,17z/data=!4m8!3m7!1s0x3135ab8c3563d419:0xd2bc3f16640cf40a!8m2!3d21.026867!4d105.8233881!9m1!1b1!16s%2Fg%2F11fmsf7fy8?authuser=0&hl=vi&entry=ttu&hl=vi",Domino
82026,HN,Dominos - NGUYEN KHANH TOAN,"https://www.google.com/maps/place/Domino's+Pizza/@21.0376051,105.7988906,17z/data=!4m8!3m7!1s0x3135ab3f19f70b27:0x10a566a54a98d9be!8m2!3d21.0376001!4d105.8014655!9m1!1b1!16s%2Fg%2F11by__6b_g?authuser=0&hl=vi&entry=ttu&hl=vi",Domino
82028,HN,Dominos - AEON MALL LONG BIEN HA NOI,"https://www.google.com/maps/place/Domino's+Pizza+AEON/@21.026902,105.8969932,17z/data=!4m18!1m9!3m8!1s0x3135a981c1b23bb1:0x7b7fea29424dc3a1!2sDomino's+Pizza+AEON!8m2!3d21.026897!4d105.8995681!9m1!1b1!16s%2Fg%2F11gv19d_kv!3m7!1s0x3135a981c1b23bb1:0x7b7fea29424dc3a1!8m2!3d21.026897!4d105.8995681!9m1!1b1!16s%2Fg%2F11gv19d_kv?authuser=0&hl=vi&entry=ttu&hl=vi",Domino
82023,HN,Dominos - XUAN LA HA NOI,"https://www.google.com/maps/place/Pizza+Domino's+Xu%C3%A2n+La/@21.0676579,105.8008283,17z/data=!4m8!3m7!1s0x3135abc3551f408b:0x712dc6b0696a0696!8m2!3d21.0676529!4d105.8034032!9m1!1b1!16s%2Fg%2F11fq1l_2hz?authuser=0&hl=vi&entry=ttu&hl=vi",Domino
82022,HN,Dominos - VAN PHU HA NOI,"https://www.google.com/maps/place/Domino's+Pizza+V%C4%83n+Ph%C3%BA/@20.9594772,105.7639261,17z/data=!4m8!3m7!1s0x3134531459584a67:0xa8638c891970fcb9!8m2!3d20.9594722!4d105.766501!9m1!1b1!16s%2Fg%2F11fq1vxk6w?authuser=0&hl=vi&entry=ttu&hl=vi",Domino
82021,HN,Dominos - HAM NGHI HA NOI,"https://www.google.com/maps/place/Domino's+Pizza+H%C3%A0m+Nghi/@21.035463,105.7596559,17z/data=!4m8!3m7!1s0x313455032bba557f:0x5b4cd0629b4edae2!8m2!3d21.035458!4d105.7622308!9m1!1b1!16s%2Fg%2F11j5v3jr1d?authuser=0&hl=vi&entry=ttu&hl=vi",Domino
82025,HN,Dominos - LINH DAM  HA NOI,"https://www.google.com/maps/place/Domino's+Pizza+Rice+City/@20.9634418,105.8206727,17z/data=!4m18!1m9!3m8!1s0x3135ad01ff0fa093:0x8deb11122080fb55!2sDomino's+Pizza+Rice+City!8m2!3d20.9634368!4d105.8232476!9m1!1b1!16s%2Fg%2F11c37k2y8c!3m7!1s0x3135ad01ff0fa093:0x8deb11122080fb55!8m2!3d20.9634368!4d105.8232476!9m1!1b1!16s%2Fg%2F11c37k2y8c?authuser=0&hl=vi&entry=ttu&hl=vi",Domino
82033,HN,Dominos - COOP MART HA DONG,,Domino
82035,HN,Dominos - LAC TRUNG,"https://www.google.com/maps/place/Domino's+Pizza+L%E1%BA%A1c+Trung/@21.002936,105.8634766,17z/data=!4m8!3m7!1s0x3135adc882d32ee9:0x75f59e89b0d0fdf9!8m2!3d21.002931!4d105.8660515!9m1!1b1!16s%2Fg%2F11s1p0dppl?authuser=0&hl=vi&entry=ttu&hl=vi",Domino
82037,HN,Dominos - THAI THINH,"https://www.google.com/maps/place/Domino%E2%80%99s+Pizza+Th%C3%A1i+Th%E1%BB%8Bnh/@21.0100781,105.8162682,17z/data=!4m8!3m7!1s0x3135ad249c866c8f:0x5e19b1e17040fb75!8m2!3d21.0100731!4d105.8188431!9m1!1b1!16s%2Fg%2F11sbb5hmm3?authuser=0&hl=vi&entry=ttu&hl=vi",Domino
82040,HN,Dominos - TAN MAI,"https://www.google.com/maps/place/Domino%E2%80%99s+Pizza+T%C3%A2n+Mai/@20.9833655,105.8444199,17z/data=!4m8!3m7!1s0x3135adfa89b6ebd1:0x93115a907b1f5719!8m2!3d20.9833605!4d105.8469948!9m1!1b1!16s%2Fg%2F11kj0cgr1x?authuser=0&hl=vi&entry=ttu&hl=vi",Domino
82044,HN,Dominos - LOTTE MALL TAY HO,"https://www.google.com/maps/place/Domino's+Pizza+Lotte+Mall+T%C3%A2y+H%E1%BB%93/@21.0760673,105.809177,17z/data=!4m8!3m7!1s0x3135ab2ea4c20787:0xdb3f9c0a11d4b752!8m2!3d21.0760623!4d105.8117519!9m1!1b1!16s%2Fg%2F11ks6wsgph?authuser=0&hl=vi&entry=ttu&hl=vi",Domino
82042,Da Nang,Dominos - NUI THANH,"https://www.google.com/maps/place/Domino's+Pizza+N%C3%BAi+Th%C3%A0nh/@16.0424814,108.2188382,17z/data=!4m8!3m7!1s0x314219096370859f:0x8c18b86312ea20d9!8m2!3d16.0424763!4d108.2214131!9m1!1b1!16s%2Fg%2F11v06gr_mz?authuser=0&hl=vi&entry=ttu&hl=vi",Domino
82043,Da Nang,Dominos - NGUYEN VAN LINH,"https://www.google.com/maps/place/Domino's+Pizza/@16.0610571,108.216021,17z/data=!4m8!3m7!1s0x314219ecaa2d61cb:0x71b4389add6341cb!8m2!3d16.061052!4d108.2185959!9m1!1b1!16s%2Fg%2F11kk85k0hd?authuser=0&hl=vi&entry=ttu&hl=vi",Domino
82016,Binh Duong,Dominos - THU DAU MOT,"https://www.google.com/maps/place/Domino's+Pizza+Th%E1%BB%A7+D%E1%BA%A7u+M%E1%BB%99t/@10.9762329,106.6550493,17z/data=!4m8!3m7!1s0x3174d1d1d519cd15:0x152a0c3da4c07394!8m2!3d10.9762276!4d106.6576242!9m1!1b1!16s%2Fg%2F11sygqpj42?authuser=0&hl=vi&entry=ttu&hl=vi",Domino
82018,Dong Nai,Dominos - PHAN TRUNG,"https://www.google.com/maps/place/Domino's+Pizza+Phan+Trung/@10.9607604,106.8471005,17z/data=!4m8!3m7!1s0x3174dd64a1a78ca1:0xf5cebcdcc689a8d5!8m2!3d10.9607551!4d106.8496754!9m1!1b1!16s%2Fg%2F11hfbxhv11?authuser=0&hl=vi&entry=ttu&hl=vi",Domino
82038,Can Tho,Dominos - MAU THAN CAN THO,"https://www.google.com/maps/place/Domino's+Pizza/@10.0345173,105.7735334,17z/data=!4m8!3m7!1s0x31a089be50a0f24f:0x1f973efae54d38fb!8m2!3d10.0345173!4d105.7735334!9m1!1b1!16s%2Fg%2F11k4hq5g48?authuser=0&hl=vi&entry=ttu&hl=vi",Domino
82031,Hai Phong,Dominos - LE HONG PHONG HP,"https://www.google.com/maps/place/Domino's+Pizza+L%C3%AA+H%E1%BB%93ng+Phong+(H%E1%BA%A3i+Ph%C3%B2ng)/@20.857198,106.6972134,17z/data=!4m8!3m7!1s0x314a7b6ce698f4db:0x6c1b0fa8577d6355!8m2!3d20.857193!4d106.6997883!9m1!1b1!16s%2Fg%2F11jh2x1zq5?authuser=0&hl=vi&entry=ttu&hl=vi",Domino
82150,Hai Phong,Dominos - TO HIEU HP,"https://www.google.com/maps/place/Domino's+Pizza+T%C3%B4+Hi%E1%BB%87u/@20.8518296,106.6810065,17z/data=!4m8!3m7!1s0x314a7bebf4b1a4fb:0xe871d9ea0cd79538!8m2!3d20.8518246!4d106.6835814!9m1!1b1!16s%2Fg%2F11lckd65lj?authuser=0&hl=vi&entry=ttu&hl=vi",Domino
1,HCM,The Pizza Company Song Hành - TP. Thủ Đức,"https://www.google.com/maps/place/The+Pizza+Company+Song+H%C3%A0nh/@10.8007133,106.7416575,17z/data=!4m8!3m7!1s0x3175279c74f48c41:0x9af3866bac68a8a5!8m2!3d10.8007133!4d106.7416575!9m1!1b1!16s%2Fg%2F11g2xsx7w8?authuser=0&hl=vi&entry=ttu&hl=vi",TPC
2,HCM,The Pizza Company Estella - TP. Thủ Đức,"https://www.google.com/maps/place/The+Pizza+Company+Estella+Place+Q2/@10.8020099,106.7460133,17z/data=!4m8!3m7!1s0x317527148f7c5775:0x9ca8c14b06e49cef!8m2!3d10.8020046!4d106.7485882!9m1!1b1!16s%2Fg%2F11v5bbp3b3?authuser=0&hl=vi&entry=ttu&hl=vi",TPC
3,HCM,The Pizza Company Nguyễn Thị Minh Khai - Q.3,"https://www.google.com/maps/place/The+Pizza+Company+Nguy%E1%BB%85n+Th%E1%BB%8B+Minh+Khai/@10.7660163,106.6793851,17z/data=!4m8!3m7!1s0x31752f1f2b03cab9:0xe4514d793a031f75!8m2!3d10.766011!4d106.68196!9m1!1b1!16s%2Fg%2F11cn5lzs_2?entry=ttu&hl=vi",TPC
4,HCM,The Pizza Company Lê Văn Sỹ - Q.3,"https://www.google.com/maps/place/The+PIZZA+Company+L%C3%AA+V%C4%83n+S%E1%BB%B9/@10.7879378,106.6774201,17z/data=!4m8!3m7!1s0x31752f2a8be7876f:0x80bb024c3a5f94b!8m2!3d10.7879378!4d106.6774201!9m1!1b1!16s%2Fg%2F11bw7jrq7_?authuser=0&hl=vi&entry=ttu&hl=vi",TPC
5,HCM,The Pizza Company Bà Hom - Q.6,"https://www.google.com/maps/place/The+Pizza+Company+B%C3%A0+Hom/@10.7550193,106.6277342,17z/data=!4m8!3m7!1s0x31752e818b3a36bb:0xb981cedd08bc2e1d!8m2!3d10.755014!4d106.6303091!9m1!1b1!16s%2Fg%2F11f3j5fs5s?entry=ttu&hl=vi",TPC
6,HCM,The Pizza Company Hậu Giang - Q.6,"https://www.google.com/maps/place/The+Pizza+Company+H%E1%BA%ADu+Giang/@10.7494446,106.6428026,17z/data=!4m8!3m7!1s0x31752f40a161e0eb:0x1d10229a5b318f38!8m2!3d10.7494393!4d106.6453775!9m1!1b1!16s%2Fg%2F11h2c2nl90?entry=ttu&hl=vi",TPC
7,HCM,The Pizza Company Huỳnh Tấn Phát - Q.7,"https://www.google.com/maps/place/The+Pizza+Company+Hu%E1%BB%B3nh+T%E1%BA%A5n+Ph%C3%A1t/@10.7486197,106.7285116,17z/data=!4m8!3m7!1s0x3175258144e18d55:0x5997a3fb17a8da2d!8m2!3d10.7486197!4d106.7285116!9m1!1b1!16s%2Fg%2F11gchx8df0?authuser=0&hl=vi&entry=ttu&hl=vi",TPC
8,HCM,The Pizza Company Co.op Mart Huỳnh Tấn Phát - Q.7,"https://www.google.com/maps/place/The+Pizza+Company/@10.712269,106.7363238,17z/data=!4m8!3m7!1s0x317525feaf04731b:0xae4029ba8043a8fd!8m2!3d10.712269!4d106.7363238!9m1!1b1!16s%2Fg%2F11jj6tbn5s?authuser=0&hl=vi&entry=ttu&hl=vi",TPC
9,HCM,The Pizza Company Nguyễn Đức Cảnh - Q.7,"https://www.google.com/maps/place/The+Pizza+Company/@10.7262335,106.706223,17z/data=!4m8!3m7!1s0x31752f53dc013dd7:0xfac99896f9d66bc3!8m2!3d10.7262282!4d106.7087979!9m1!1b1!16s%2Fg%2F11j2n7c9r_?entry=ttu&hl=vi",TPC
10,HCM,The Pizza Company Nguyễn Đức Cảnh - Q.7,"https://www.google.com/maps/place/The+Pizza+Company/@10.7262335,106.706223,17z/data=!4m8!3m7!1s0x31752f53dc013dd7:0xfac99896f9d66bc3!8m2!3d10.7262282!4d106.7087979!9m1!1b1!16s%2Fg%2F11j2n7c9r_?entry=ttu&hl=vi",TPC
11,HCM,The Pizza Company Crescent Mall - Q.7,"https://www.google.com/maps/place/The+Pizza+Company/@10.7290889,106.7162982,17z/data=!4m8!3m7!1s0x31752fefa2ac51b3:0xba70d21421a9a7e!8m2!3d10.7290836!4d106.7188731!9m1!1b1!16s%2Fg%2F11hfn_kqlz?entry=ttu&hl=vi",TPC
12,HCM,The Pizza Company Phạm Hùng - Q.8,"https://www.google.com/maps/place/The+Pizza+Company+Ph%E1%BA%A1m+H%C3%B9ng/@10.7386004,106.6670877,17z/data=!4m8!3m7!1s0x31752e518494a627:0x943751af1a9b6de0!8m2!3d10.7385951!4d106.6696626!9m1!1b1!16s%2Fg%2F11fx8yr57z?entry=ttu&hl=vi",TPC
13,HCM,The Pizza Company Quốc Lộ 50 - Q.8,"https://www.google.com/maps/place/The+Pizza+Company+Qu%E1%BB%91c+L%E1%BB%99+50/@10.7328399,106.6534034,17z/data=!4m8!3m7!1s0x31752f7d852db085:0x1d4aef366a491e8c!8m2!3d10.7328346!4d106.6559783!9m1!1b1!16s%2Fg%2F11j19v7b98?entry=ttu&hl=vi",TPC
14,HCM,The Pizza Company Vạn Hạnh Mall - Q.10,"https://www.google.com/maps/place/The+Pizza+Company+-+V%E1%BA%A1n+H%E1%BA%A1nh+Mall/@10.7704521,106.6673663,17z/data=!4m8!3m7!1s0x31752eddde073a59:0x7ee393eaccbe82e7!8m2!3d10.7704468!4d106.6699412!9m1!1b1!16s%2Fg%2F11gff4_0y0?entry=ttu&hl=vi",TPC
15,HCM,The Pizza Company Hòa Bình - Q.11,"https://www.google.com/maps/place/The+Pizza+Company+H%C3%B2a+B%C3%ACnh/@10.7686426,106.636322,17z/data=!4m8!3m7!1s0x31752e9764e303e3:0x77d285d56c1346eb!8m2!3d10.7686373!4d106.6388969!9m1!1b1!16s%2Fg%2F11gchmctzg?entry=ttu&hl=vi",TPC
16,HCM,The Pizza Company Nguyễn Gia Trí - Q. Bình Thạnh,"https://www.google.com/maps/place/The+Pizza+Company/@10.8061427,106.7133129,17z/data=!4m8!3m7!1s0x317528a46b936c11:0xf6cba2081707374e!8m2!3d10.8061374!4d106.7158878!9m1!1b1!16s%2Fg%2F11f2wbxvgw?entry=ttu&hl=vi",TPC
17,HCM,The Pizza Company Hoàng Hoa Thám - Q. Bình Thạnh,"https://www.google.com/maps/place/The+Pizza+Company/@10.8049179,106.6891252,17z/data=!4m8!3m7!1s0x317529ae098ea937:0x9228e70ede4e9f92!8m2!3d10.8049126!4d106.6917001!9m1!1b1!16s%2Fg%2F11gmj31dxm?entry=ttu&hl=vi",TPC
18,HCM,The Pizza Company Lê Đại Hành - Q.11,"https://www.google.com/maps/place/The+Pizza+Company+Ph%C3%BA+Th%E1%BB%8D/@10.7689578,106.6527842,17z/data=!4m8!3m7!1s0x31752e954b3ea7f9:0xedd2c1234d496fd0!8m2!3d10.7689578!4d106.6527842!9m1!1b1!16s%2Fg%2F11crzp1nh2?authuser=0&hl=vi&entry=ttu&hl=vi",TPC
19,HCM,The Pizza Company Thống Nhất - Q. Gò Vấp,"https://www.google.com/maps/place/The+Pizza+Company+Th%E1%BB%91ng+Nh%E1%BA%A5t/@10.8455867,106.6623344,17z/data=!4m8!3m7!1s0x3175293e9a31929b:0x918f78457428dd5f!8m2!3d10.8455814!4d106.6649093!9m1!1b1!16s%2Fg%2F11ghpznzxs?authuser=0&hl=vi&entry=ttu&hl=vi",TPC
20,HCM,The Pizza Company Quang Trung - Q. Gò Vấp,"https://www.google.com/maps/place/The+Pizza+Company+(CN+Quang+Trung)./@10.8361051,106.6578534,17z/data=!4m8!3m7!1s0x317529a769fa33ff:0xe7f7c10bd85f0ddf!8m2!3d10.8360998!4d106.6604283!9m1!1b1!16s%2Fg%2F11dym7q806?authuser=0&hl=vi&entry=ttu&hl=vi",TPC
21,HCM,The Pizza Company Phan Văn Trị - Q. Gò Vấp,"https://www.google.com/maps/place/The+Pizza+Company+Phan+V%C4%83n+Tr%E1%BB%8B/@10.8250775,106.6878254,17z/data=!4m18!1m9!3m8!1s0x317528f97cc99aa9:0xc2088efa1053001a!2sThe+Pizza+Company+Phan+V%C4%83n+Tr%E1%BB%8B!8m2!3d10.8250722!4d106.6904003!9m1!1b1!16s%2Fg%2F11d_1vylnc!3m7!1s0x317528f97cc99aa9:0xc2088efa1053001a!8m2!3d10.8250722!4d106.6904003!9m1!1b1!16s%2Fg%2F11d_1vylnc?authuser=0&hl=vi&entry=ttu&hl=vi",TPC
22,HCM,The Pizza Company Võ Văn Ngân - TP. Thủ Đức,"https://www.google.com/maps/place/The+Pizza+Company/@10.8510671,106.7539634,17z/data=!4m8!3m7!1s0x317527bd7c635965:0xea94f81563e388bf!8m2!3d10.8510618!4d106.7565383!9m1!1b1!16s%2Fg%2F11cr_qxsw7?authuser=0&hl=vi&entry=ttu&hl=vi",TPC
23,HCM,The Pizza Company Sense City Phạm Văn Đồng - TP. Thủ Đức,"https://www.google.com/maps/place/The+Pizza+Company/@10.8278775,106.7192688,17z/data=!4m8!3m7!1s0x3175277d2228152f:0x816c93e890f8de7c!8m2!3d10.8278722!4d106.7218437!9m1!1b1!16s%2Fg%2F11fj6pmvgf?authuser=0&hl=vi&entry=ttu&hl=vi",TPC
24,HCM,The Pizza Company Tân Sơn Nhì - Q. Tân Phú,"https://www.google.com/maps/place/The+Pizza+Company+T%C3%A2n+S%C6%A1n+Nh%C3%AC/@10.7935293,106.6258,17z/data=!4m8!3m7!1s0x31752bfff0815ff7:0xf2d959430958701b!8m2!3d10.793524!4d106.6283749!9m1!1b1!16s%2Fg%2F11c33w67jp?authuser=0&hl=vi&entry=ttu&hl=vi",TPC
25,HCM,The Pizza Company Lê Văn Sỹ - Q. Tân Bình,"https://www.google.com/maps/place/The+Pizza+Company/@10.7996451,106.6608888,17z/data=!4m8!3m7!1s0x31752931e2fe3e2b:0xb840d4105f5d4051!8m2!3d10.7996451!4d106.6608888!9m1!1b1!16s%2Fg%2F11f1wbxq40?authuser=0&hl=vi&entry=ttu&hl=vi",TPC
26,HCM,The Pizza Company Nguyễn Sơn - Q. Tân Phú,"https://www.google.com/maps/place/The+Pizza+Company+Nguy%E1%BB%85n+S%C6%A1n/@10.7838942,106.6202029,17z/data=!4m8!3m7!1s0x31752c0498ad220f:0x1cab538980375f8c!8m2!3d10.7838889!4d106.6227778!9m1!1b1!16s%2Fg%2F11c56gdd8j?authuser=0&hl=vi&entry=ttu&hl=vi",TPC
27,HCM,The Pizza Company AEON Mall Tân Phú - Q. Tân Phú,"https://www.google.com/maps/place/The+Pizza+Company+Aeon+Mall+T%C3%A2n+Ph%C3%BA/@10.8010878,106.6131969,17z/data=!4m8!3m7!1s0x31752bbc0cf96b11:0x1171fbb741f9b7dd!8m2!3d10.8010825!4d106.6157718!9m1!1b1!16s%2Fg%2F11flzl0wxg?authuser=0&hl=vi&entry=ttu&hl=vi",TPC
28,HCM,The Pizza Company Lê Văn Quới - Q. Bình Tân,"https://www.google.com/maps/place/The+Pizza+Company+L%C3%AA+V%C4%83n+Qu%E1%BB%9Bi/@10.7754479,106.6119096,17z/data=!4m8!3m7!1s0x31752c170075d56d:0xa6d172f96065b061!8m2!3d10.7754426!4d106.6144845!9m1!1b1!16s%2Fg%2F11hcfjlxl7?authuser=0&hl=vi&entry=ttu&hl=vi",TPC
29,HCM,The Pizza Company Nguyễn Ảnh Thủ - Huyện Hóc Môn,"https://www.google.com/maps/place/The+Pizza+Company/@10.8641612,106.6104755,17z/data=!4m8!3m7!1s0x31752a16c85f9c17:0xa47bb479a830f6e7!8m2!3d10.8641559!4d106.6130504!9m1!1b1!16s%2Fg%2F11c0qgrdnc?authuser=0&hl=vi&entry=ttu&hl=vi",TPC
30,Dong Nai,The Pizza Company Vincom Biên Hòa - TP. Biên Hoà,"https://www.google.com/maps/place/The+Pizza+Company+Vincom+Bi%C3%AAn+H%C3%B2a/@10.9575755,106.8407083,17z/data=!4m8!3m7!1s0x3174dc2048bb90fd:0x4ed7d5ca7b627929!8m2!3d10.9575702!4d106.8432832!9m1!1b1!16s%2Fg%2F11c1v8xttt?authuser=0&hl=vi&entry=ttu&hl=vi",TPC
31,Long Xuyen,The Pizza Company Vincom Long Xuyên - TP. Long Xuyên,"https://www.google.com/maps/place/The+Pizza+Company+Vincom+An+Giang/@10.383628,105.4346621,17z/data=!4m8!3m7!1s0x310a731202184e8d:0x33483b782e8effe4!8m2!3d10.3836227!4d105.437237!9m1!1b1!16s%2Fg%2F11j57145tn?authuser=0&hl=vi&entry=ttu&hl=vi",TPC
32,Ben Tre,The Pizza Company Sense City Bến Tre - TP. Bến Tre,"https://www.google.com/maps/place/The+Pizza+Company/@10.2413729,106.3765869,17z/data=!4m8!3m7!1s0x310aa8f61cea8549:0x389949f52dd36548!8m2!3d10.2413729!4d106.3765869!9m1!1b1!16s%2Fg%2F11cm2k1tcr?authuser=0&hl=vi&entry=ttu&hl=vi",TPC
33,Can Tho,The Pizza Company Sense City Cần Thơ - Q. Ninh Kiều,"https://www.google.com/maps/place/The+Pizza+Company+Ng%C3%B4+V%C4%83n+S%E1%BB%9F/@10.0343905,105.7832712,17z/data=!4m8!3m7!1s0x31a062a1ba7d4577:0x9f9fffc76943e2b8!8m2!3d10.0343852!4d105.7858461!9m1!1b1!16s%2Fg%2F11f00n6vg4?authuser=0&hl=vi&entry=ttu&hl=vi",TPC
34,Tien Giang,The Pizza Company Big C Mỹ Tho - TP. Mỹ Tho,"https://www.google.com/maps/place/The+Pizza+Company+Big+C+M%E1%BB%B9+Tho/@10.3587058,106.3388925,17z/data=!4m8!3m7!1s0x310aa538c0e3a409:0xf96266e0cd8f2032!8m2!3d10.3587005!4d106.3414674!9m1!1b1!16s%2Fg%2F11gjxr3cz9?authuser=0&hl=vi&entry=ttu&hl=vi",TPC
35,Lam Dong,The Pizza Company Khu Hòa Bình - TP. Đà Lạt,"https://www.google.com/maps/place/The+Pizza+Company/@11.9427539,108.4329209,17z/data=!4m8!3m7!1s0x3171137287b126d9:0xa48fad7f4577d8c!8m2!3d11.9427487!4d108.4354958!9m1!1b1!16s%2Fg%2F11fqymdhtv?authuser=0&hl=vi&entry=ttu&hl=vi",TPC
36,Lam Dong,The Pizza Company Co.opmart Bảo Lộc - TP. Bảo Lộc,"https://www.google.com/maps/place/The+Pizza+Company+Co.opmart+B%E1%BA%A3o+L%E1%BB%99c/@11.5442226,107.8001776,17z/data=!4m8!3m7!1s0x3173f7bbf184d39b:0xf1eeba8f0ec45760!8m2!3d11.5442174!4d107.8027525!9m1!1b1!16s%2Fg%2F11vkz0gnm5?authuser=0&hl=vi&entry=ttu&hl=vi",TPC
37,Dak Lak,The Pizza Company Vincom Buôn Ma Thuột - TP. Buôn Ma Thuột,"https://www.google.com/maps/place/The+Pizza+Company+Vincom+Bu%C3%B4n+Ma+Thu%E1%BB%99t/@12.6817783,108.0414394,17z/data=!4m8!3m7!1s0x31721d7f1a43ec2f:0xdce821ad923060fe!8m2!3d12.6817731!4d108.0440143!9m1!1b1!16s%2Fg%2F11cmcw5j5l?authuser=0&hl=vi&entry=ttu&hl=vi",TPC
38,Dak Lak,The Pizza Company Co.op Mart Buôn Ma Thuột - TP. Buôn Ma Thuột,"https://www.google.com/maps/place/The+Pizza+Company/@12.6918592,108.0618424,17z/data=!4m8!3m7!1s0x3171f7c50282f4fb:0x6a9ec1e946fd73ce!8m2!3d12.6918592!4d108.0618424!9m1!1b1!16s%2Fg%2F11hbb_vk8g?authuser=0&hl=vi&entry=ttu&hl=vi",TPC
39,Ba Ria Vung  Tau,The Pizza Company Võ Thị Sáu - TP. Vũng Tàu,"https://www.google.com/maps/place/The+Pizza+Company/@10.3361609,107.0835505,17z/data=!4m8!3m7!1s0x31756f97abcceeb1:0xb9b79b787104c461!8m2!3d10.3361556!4d107.0861254!9m1!1b1!16s%2Fg%2F11fb2nzryk?authuser=0&hl=vi&entry=ttu&hl=vi",TPC
40,Ba Ria Vung  Tau,The Pizza Company Hạ Long - TP. Vũng Tàu,"https://www.google.com/maps/place/The+Pizza+Company/@10.3401608,107.0700675,17z/data=!4m8!3m7!1s0x31756f8c08f0e7bd:0x69edebf7352f1b65!8m2!3d10.3401555!4d107.0726424!9m1!1b1!16s%2Fg%2F11hb8lxqk8?authuser=0&hl=vi&entry=ttu&hl=vi",TPC
41,Ha Noi,The Pizza Company Times City - Q. Hai Bà Trưng,"https://www.google.com/maps/place/The+Pizza+Company/@20.9963423,105.8664128,17z/data=!3m1!5s0x3135ac04b9b651ed:0xcf7ee1e517b8bb2d!4m8!3m7!1s0x3135ad8f2e3d0845:0xd72e6dff6a8fd6a1!8m2!3d20.9963373!4d105.8689877!9m1!1b1!16s%2Fg%2F11f9y23lxx?authuser=0&hl=vi&entry=ttu&hl=vi",TPC
42,Ha Noi,The Pizza Company Đoàn Trần Nghiệp - Q. Hai Bà Trưng,"https://www.google.com/maps/place/The+Pizza+Company/@21.0119243,105.8467249,17z/data=!4m8!3m7!1s0x3135ab8ba1db288d:0xb1a80bcd00eae5d3!8m2!3d21.0119193!4d105.8492998!9m1!1b1!16s%2Fg%2F11cjp9vtv2?authuser=0&hl=vi&entry=ttu&hl=vi",TPC
43,Ha Noi,The Pizza Company Xuân Diệu - Q. Tây Hồ,"https://www.google.com/maps/place/The+Pizza+Company/@21.0628456,105.8266709,17z/data=!4m8!3m7!1s0x3135aa561ec39dbf:0x4e4733b9aad79a27!8m2!3d21.0628406!4d105.8292458!9m1!1b1!16s%2Fg%2F11h0t_6c4?authuser=0&hl=vi&entry=ttu&hl=vi",TPC
44,Ha Noi,The Pizza Company Vincom Bắc Từ Liêm - Q. Bắc Từ Liêm,"https://www.google.com/maps/place/The+Pizza+Company/@21.0530342,105.7775207,17z/data=!4m8!3m7!1s0x313454d33934b713:0xa9bac075339832c!8m2!3d21.0530292!4d105.7800956!9m1!1b1!16s%2Fg%2F11c7s9bnwn?authuser=0&hl=vi&entry=ttu&hl=vi",TPC
45,Ha Noi,The Pizza Company Vincom Royal City - Q. Thanh Xuân,"https://www.google.com/maps/place/The+Pizza+Company/@21.0031427,105.8122963,17z/data=!3m1!5s0x3135ac9b1945eb89:0xcf7ee1e56ba6d786!4m8!3m7!1s0x3135ac9b13bbc56f:0xc657c245c5ff794c!8m2!3d21.0031377!4d105.8148712!9m1!1b1!16s%2Fg%2F11g9gk3d_2?authuser=0&hl=vi&entry=ttu&hl=vi",TPC
46,Ha Noi,The Pizza Company AEON Mall Long Biên - Q. Long Biên,"https://www.google.com/maps/place/The+Pizza+Company+Aeon+Mall+Long+Bien/@21.0267918,105.8977449,17z/data=!4m8!3m7!1s0x3135a9154743624b:0x28a32c3709061f4e!8m2!3d21.0267868!4d105.9003198!9m1!1b1!16s%2Fg%2F11d_ym26td?authuser=0&hl=vi&entry=ttu&hl=vi",TPC
47,Ha Noi,The Pizza Company AEON Mall Hà Đông - Q. Hà Đông,"https://www.google.com/maps/place/The+Pizza+Company/@20.989737,105.7488855,17z/data=!4m8!3m7!1s0x31345382f3d7819f:0xea093fec8c28c743!8m2!3d20.989732!4d105.7514604!9m1!1b1!16s%2Fg%2F11j154pxmj?authuser=0&hl=vi&entry=ttu&hl=vi",TPC
48,Ha Noi,The Pizza Company Nguyễn Cơ Thạch - Q. Nam Từ Liêm,"https://www.google.com/maps/place/The+Pizza+Company/@21.0350883,105.7633071,17z/data=!4m8!3m7!1s0x31345543e607b4e1:0xf2f939ca28a67f00!8m2!3d21.0350833!4d105.765882!9m1!1b1!16s%2Fg%2F11jgdy509x?authuser=0&hl=vi&entry=ttu&hl=vi",TPC
49,Ha Noi,The Pizza Company Linh Đàm - Q. Hoàng Mai,"https://www.google.com/maps/place/The+Pizza+Company/@20.963389,105.8227772,17z/data=!4m8!3m7!1s0x3135adb31572e093:0x6d1882f6f1e5c081!8m2!3d20.963384!4d105.8253521!9m1!1b1!16s%2Fg%2F11jbj8q2bv?authuser=0&hl=vi&entry=ttu&hl=vi",TPC
50,Ha Noi,The Pizza Company Trần Duy Hưng - Q. Cầu Giấy,"https://www.google.com/maps/place/The+Pizza+Company/@21.0072741,105.7939231,17z/data=!4m8!3m7!1s0x3135ad294510dd6d:0x20dac2c3127abde7!8m2!3d21.0072691!4d105.796498!9m1!1b1!16s%2Fg%2F11h6t_jm1w?authuser=0&hl=vi&entry=ttu&hl=vi",TPC
51,Phu Tho,The Pizza Company Vincom Việt Trì - TP. Việt Trì,"https://www.google.com/maps/place/The+Pizza+Company+Vincom+Vi%E1%BB%87t+Tr%C3%AC/@21.3121866,105.3932333,17z/data=!4m8!3m7!1s0x31348d4f4313b487:0x97d00a9f8ade9da9!8m2!3d21.3121816!4d105.3958082!9m1!1b1!16s%2Fg%2F11cmg7m7kr?authuser=0&hl=vi&entry=ttu&hl=vi",TPC
52,Bac Ninh,The Pizza Company Vincom Bắc Ninh - TP. Bắc Ninh,"https://www.google.com/maps/place/The+Pizza+Company+Vincom+B%E1%BA%AFc+Ninh/@21.1778839,106.0700274,17z/data=!4m8!3m7!1s0x31350d45ac903f11:0x7b1645a0091210e!8m2!3d21.1778789!4d106.0726023!9m1!1b1!16s%2Fg%2F11gmcjr7_1?authuser=0&hl=vi&entry=ttu&hl=vi",TPC
53,Hai Phong,The Pizza Company Tô Hiệu - Q.Lê Chân,"https://www.google.com/maps/place/The+Pizza+Company/@20.851696,106.6803108,17z/data=!4m8!3m7!1s0x314a7b85cf5aba79:0x79fbee8cca042206!8m2!3d20.851691!4d106.6828857!9m1!1b1!16s%2Fg%2F11gzqmdd74?authuser=0&hl=vi&entry=ttu&hl=vi",TPC
54,Hai Phong,The Pizza Company Lạch Tray - Q. Lê Chân,"https://www.google.com/maps/place/The+Pizza+Company/@20.835829,106.6935022,17z/data=!4m8!3m7!1s0x314a7bec06abf57d:0xfb2d97cb16ab5a27!8m2!3d20.835824!4d106.6960771!9m1!1b1!16s%2Fg%2F11hzzwz04_?authuser=0&hl=vi&entry=ttu&hl=vi",TPC
55,Nam Dinh,The Pizza Company Nam Định,"https://www.google.com/maps/place/The+Pizza+Company/@20.4339457,106.1601454,17z/data=!4m8!3m7!1s0x3135e72732d61cfb:0x7d83c731bcb253f0!8m2!3d20.4339407!4d106.1627203!9m1!1b1!16s%2Fg%2F11g0ngdt7q?authuser=0&hl=vi&entry=ttu&hl=vi",TPC
56,Thanh Hoa,The Pizza Company Nguyễn Kim - TP. Thanh Hóa,"https://www.google.com/maps/place/The+Pizza+Company/@19.8073487,105.7746798,17z/data=!4m8!3m7!1s0x3136f9476bf954eb:0xbcf15251ff3121b1!8m2!3d19.8073437!4d105.7772547!9m1!1b1!16s%2Fg%2F11g_qlnj9b?authuser=0&hl=vi&entry=ttu&hl=vi",TPC
57,Nghe An,The Pizza Company Quang Trung - TP. Vinh,"https://www.google.com/maps/place/The+Pizza+Company+Quang+Trung+-+Vinh/@18.668937,105.6714821,17z/data=!4m8!3m7!1s0x3139ce6485e79e1b:0x2d8ab37f3502f3a8!8m2!3d18.6689319!4d105.674057!9m1!1b1!16s%2Fg%2F11dfq6z2dz?authuser=0&hl=vi&entry=ttu&hl=vi",TPC
58,Nghe An,The Pizza Company Nguyễn Văn Cừ - TP. Vinh,"https://www.google.com/maps/place/The+Pizza+Company/@18.6773752,105.6839316,17z/data=!4m8!3m7!1s0x3139cfcb14aea46f:0x3a6f209a78ef3d32!8m2!3d18.6773701!4d105.6865065!9m1!1b1!16s%2Fg%2F11hfp0cwzs?authuser=0&hl=vi&entry=ttu&hl=vi",TPC
59,Hue,The Pizza Company Vincom Huế - TP. Huế,"https://www.google.com/maps/place/The+Pizza+Company/@16.4630917,107.591956,17z/data=!4m8!3m7!1s0x3141a1a1372a7339:0xa9966a992b6d7ce5!8m2!3d16.4630866!4d107.5945309!9m1!1b1!16s%2Fg%2F11f5tcvr26?authuser=0&hl=vi&entry=ttu&hl=vi",TPC
60,Da Nang,The Pizza Company Nguyễn Văn Thoại - Q. Sơn Trà,"https://www.google.com/maps/place/The+Pizza+Company+Nguy%E1%BB%85n+V%C4%83n+Tho%E1%BA%A1i+(%C4%90%C3%A0+N%E1%BA%B5ng)/@16.0551237,108.2393684,17z/data=!4m8!3m7!1s0x3142171db74068d5:0x6b6a51dfe4542bf4!8m2!3d16.0551186!4d108.2419433!9m1!1b1!16s%2Fg%2F11h3q7glr2?authuser=0&hl=vi&entry=ttu&hl=vi",TPC
61,Da Nang,The Pizza Company Co.opmart Đà Nẵng - Q. Thanh Khê,"https://www.google.com/maps/place/The+Pizza+Company+Co.op+Mart+%C4%90%C3%A0+N%E1%BA%B5ng/@16.066734,108.1845872,17z/data=!4m8!3m7!1s0x3142198e70921439:0x549cd358295c0cdb!8m2!3d16.0667289!4d108.1871621!9m1!1b1!16s%2Fg%2F11s84_q0r6?authuser=0&hl=vi&entry=ttu&hl=vi",TPC
62,Nha Trang,The Pizza Company 23/10 - TP. Nha Trang,"https://www.google.com/maps/place/The+Pizza+Company/@12.2504991,109.1755122,17z/data=!4m8!3m7!1s0x31705da05d11a601:0xb1ed958b03948962!8m2!3d12.2504939!4d109.1780871!9m1!1b1!16s%2Fg%2F11gl21ht0t?authuser=0&hl=vi&entry=ttu&hl=vi",TPC
63,HCM,The Pizza Company Nguyễn Thái Học - Q. 1,"https://www.google.com/maps/place/The+Pizza+Company+Nguy%E1%BB%85n+Th%C3%A1i+H%E1%BB%8Dc/@10.767351,106.6929575,17z/data=!4m8!3m7!1s0x31752f158b4720cf:0xb001e0f6e2726234!8m2!3d10.7673457!4d106.6955324!9m1!1b1!16s%2Fg%2F11bxgmgxp0?authuser=0&hl=vi&entry=ttu&hl=vi",TPC
64,HCM,The Pizza Company Vincom Thảo Điền - TP. Thủ Đức,"https://www.google.com/maps/place/The+Pizza+Company+Vincom+Th%E1%BA%A3o+%C4%90i%E1%BB%81n/@10.8028239,106.7396868,17z/data=!4m8!3m7!1s0x31752613e22509f1:0x8a751e0d418e23c9!8m2!3d10.8028186!4d106.7422617!9m1!1b1!16s%2Fg%2F11dftfm6n7?authuser=0&hl=vi&entry=ttu&hl=vi",TPC
65,Hai Phong,The Pizza Company AEON Mall Hải Phòng - Q. Lê Chân,"https://www.google.com/maps/place/The+Pizza+Company+Aeon+Mall+H%E1%BA%A3i+Ph%C3%B2ng/@20.833204,106.6802892,17z/data=!4m8!3m7!1s0x314a71f06d9e56df:0x3645338226d0405!8m2!3d20.833199!4d106.6828641!9m1!1b1!16s%2Fg%2F11lgybc4dq?authuser=0&hl=vi&entry=ttu&hl=vi",TPC
66,Ha Noi,The Pizza Company Nguyễn Văn Lộc - Q. Hà Đông,"https://www.google.com/maps/place/The+Pizza+Company/@20.9847888,105.7836455,17z/data=!4m8!3m7!1s0x3135adc84cd1de9d:0xf6e23e9d98ab87f5!8m2!3d20.9847838!4d105.7862204!9m1!1b1!16s%2Fg%2F11sfrvr7sc?authuser=0&hl=vi&entry=ttu&hl=vi",TPC
67,Ha Noi,The Pizza Company The Manor - Q. Nam Từ Liêm,"https://www.google.com/maps/place/The+Pizza+Company/@21.013529,105.7730436,17z/data=!4m8!3m7!1s0x31345316263d308b:0x6df09ee4edefc295!8m2!3d21.013524!4d105.7756185!9m1!1b1!16s%2Fg%2F11s5gd7rsv?authuser=0&hl=vi&entry=ttu&hl=vi",TPC
68,Da Nang,The Pizza Company Nguyễn Văn Linh - Q. Hải Châu,"https://www.google.com/maps/place/The+Pizza+Company+Nguy%E1%BB%85n+V%C4%83n+Linh/@16.0608058,108.2201597,17z/data=!4m8!3m7!1s0x31421916cac6883f:0x627157d2b1ac51ce!8m2!3d16.0608007!4d108.2227346!9m1!1b1!16s%2Fg%2F11s5gcyn2y?authuser=0&hl=vi&entry=ttu&hl=vi",TPC
69,HCM,The Pizza Company Cửu Long - Q.10,"https://www.google.com/maps/place/The+Pizza+Company+C%E1%BB%ADu+Long/@10.7826041,106.6591707,17z/data=!4m8!3m7!1s0x31752fb521ed0e53:0xb1a72fcf2e228ea2!8m2!3d10.7825988!4d106.6617456!9m1!1b1!16s%2Fg%2F11s8pfzq_5?authuser=0&hl=vi&entry=ttu&hl=vi",TPC
70,Nha Trang,The Pizza Company Panorama Hùng Vương - TP. Nha Trang,"https://www.google.com/maps/place/The+Pizza+Company+Panorama+%E2%80%93+Nha+Trang/@12.2403357,109.1922341,17z/data=!4m8!3m7!1s0x31706738f4e0aa41:0x351eed4c1a09054e!8m2!3d12.2403305!4d109.194809!9m1!1b1!16s%2Fg%2F11jzt924sm?authuser=0&hl=vi&entry=ttu&hl=vi",TPC
71,Bac Ninh,The Pizza Company Lê Thái Tổ - TP. Bắc Ninh,"https://www.google.com/maps/place/The+Pizza+Company+L%C3%AA+Th%C3%A1i+T%E1%BB%95+-+TP.+B%E1%BA%AFc+Ninh/@21.1682195,106.0525693,17z/data=!4m8!3m7!1s0x313509184f394341:0xe87eb02ff0461bdf!8m2!3d21.1682145!4d106.0551442!9m1!1b1!16s%2Fg%2F11k3kp36ql?authuser=0&hl=vi&entry=ttu&hl=vi",TPC
72,Ha Noi,The Pizza Company Nguyễn Thị Định - Q. Thanh Xuân,"https://www.google.com/maps/place/The+Pizza+Company/@21.0078402,105.8022904,17z/data=!4m8!3m7!1s0x3135ad3ce38f3745:0xd3624a22c5793506!8m2!3d21.0078352!4d105.8048653!9m1!1b1!16s%2Fg%2F11twxwb8hm?authuser=0&hl=vi&entry=ttu&hl=vi",TPC
73,Thai Nguyen,The Pizza Company Lương Ngọc Quyến - TP Thái Nguyên,"https://www.google.com/maps/place/The+Pizza+Company/@21.5911398,105.8240583,17z/data=!4m8!3m7!1s0x3135273e4c693af1:0x14ae528eea3e0505!8m2!3d21.5911348!4d105.8266332!9m1!1b1!16s%2Fg%2F11kq_3z840?authuser=0&hl=vi&entry=ttu&hl=vi",TPC
74,Dong Nai,The Pizza Company Võ Thị Sáu Biên Hòa,"https://www.google.com/maps/place/The+Pizza+Company+V%C3%B5+Th%E1%BB%8B+S%C3%A1u+-+Bi%C3%AAn+H%C3%B2a/@10.9471341,106.8266155,17z/data=!4m8!3m7!1s0x3174df2899139a9d:0x508e50a2e17a10fc!8m2!3d10.9471288!4d106.8291904!9m1!1b1!16s%2Fg%2F11vk3w5kkc?authuser=0&hl=vi&entry=ttu&hl=vi",TPC
